--
-- PostgreSQL database dump
--

\restrict MoRoeeAQvTvopVYH3Ydxo06FTolVzKRxP57AzvOtyYSGJrGcujPdG30dw072Azy

-- Dumped from database version 16.14
-- Dumped by pg_dump version 16.14

SET statement_timeout = 0;
SET lock_timeout = 0;
SET idle_in_transaction_session_timeout = 0;
SET client_encoding = 'UTF8';
SET standard_conforming_strings = on;
SELECT pg_catalog.set_config('search_path', '', false);
SET check_function_bodies = false;
SET xmloption = content;
SET client_min_messages = warning;
SET row_security = off;

--
-- Name: public; Type: SCHEMA; Schema: -; Owner: -
--

-- *not* creating schema, since initdb creates it


--
-- Name: SCHEMA public; Type: COMMENT; Schema: -; Owner: -
--

COMMENT ON SCHEMA public IS '';


SET default_tablespace = '';

SET default_table_access_method = heap;

--
-- Name: alertas_alerta; Type: TABLE; Schema: public; Owner: -
--

CREATE TABLE public.alertas_alerta (
    id bigint NOT NULL,
    tipo character varying(15) NOT NULL,
    nivel character varying(10) NOT NULL,
    mensaje text NOT NULL,
    fecha_creacion timestamp with time zone NOT NULL,
    fecha_vencimiento timestamp with time zone,
    leida boolean NOT NULL,
    activa boolean NOT NULL,
    destinatario_id bigint,
    orden_id bigint,
    vehiculo_id bigint,
    canal character varying(10) NOT NULL,
    programada_para timestamp with time zone,
    enviada_email boolean NOT NULL,
    enviada_whatsapp boolean NOT NULL,
    ultimo_error_envio text NOT NULL
);


--
-- Name: alertas_alerta_id_seq; Type: SEQUENCE; Schema: public; Owner: -
--

ALTER TABLE public.alertas_alerta ALTER COLUMN id ADD GENERATED BY DEFAULT AS IDENTITY (
    SEQUENCE NAME public.alertas_alerta_id_seq
    START WITH 1
    INCREMENT BY 1
    NO MINVALUE
    NO MAXVALUE
    CACHE 1
);


--
-- Name: alertas_configuracionrecordatorio; Type: TABLE; Schema: public; Owner: -
--

CREATE TABLE public.alertas_configuracionrecordatorio (
    id bigint NOT NULL,
    dias_anticipacion integer NOT NULL,
    activo boolean NOT NULL,
    fecha_actualizacion timestamp with time zone NOT NULL,
    CONSTRAINT alertas_configuracionrecordatorio_dias_anticipacion_check CHECK ((dias_anticipacion >= 0))
);


--
-- Name: alertas_configuracionrecordatorio_id_seq; Type: SEQUENCE; Schema: public; Owner: -
--

ALTER TABLE public.alertas_configuracionrecordatorio ALTER COLUMN id ADD GENERATED BY DEFAULT AS IDENTITY (
    SEQUENCE NAME public.alertas_configuracionrecordatorio_id_seq
    START WITH 1
    INCREMENT BY 1
    NO MINVALUE
    NO MAXVALUE
    CACHE 1
);


--
-- Name: alertas_plantillamensaje; Type: TABLE; Schema: public; Owner: -
--

CREATE TABLE public.alertas_plantillamensaje (
    id bigint NOT NULL,
    nombre character varying(120) NOT NULL,
    canal character varying(10) NOT NULL,
    asunto character varying(180) NOT NULL,
    cuerpo text NOT NULL,
    activa boolean NOT NULL,
    fecha_actualizacion timestamp with time zone NOT NULL
);


--
-- Name: alertas_plantillamensaje_id_seq; Type: SEQUENCE; Schema: public; Owner: -
--

ALTER TABLE public.alertas_plantillamensaje ALTER COLUMN id ADD GENERATED BY DEFAULT AS IDENTITY (
    SEQUENCE NAME public.alertas_plantillamensaje_id_seq
    START WITH 1
    INCREMENT BY 1
    NO MINVALUE
    NO MAXVALUE
    CACHE 1
);


--
-- Name: alertas_recordatoriomantenimiento; Type: TABLE; Schema: public; Owner: -
--

CREATE TABLE public.alertas_recordatoriomantenimiento (
    id bigint NOT NULL,
    canal character varying(10) NOT NULL,
    estado character varying(10) NOT NULL,
    fecha_programada date NOT NULL,
    fecha_envio timestamp with time zone,
    enviado_email boolean NOT NULL,
    enviado_whatsapp boolean NOT NULL,
    error_detalle text NOT NULL,
    intento_numero integer NOT NULL,
    fecha_creacion timestamp with time zone NOT NULL,
    registro_id bigint NOT NULL,
    CONSTRAINT alertas_recordatoriomantenimiento_intento_numero_check CHECK ((intento_numero >= 0))
);


--
-- Name: alertas_recordatoriomantenimiento_id_seq; Type: SEQUENCE; Schema: public; Owner: -
--

ALTER TABLE public.alertas_recordatoriomantenimiento ALTER COLUMN id ADD GENERATED BY DEFAULT AS IDENTITY (
    SEQUENCE NAME public.alertas_recordatoriomantenimiento_id_seq
    START WITH 1
    INCREMENT BY 1
    NO MINVALUE
    NO MAXVALUE
    CACHE 1
);


--
-- Name: alertas_registromantenimiento; Type: TABLE; Schema: public; Owner: -
--

CREATE TABLE public.alertas_registromantenimiento (
    id bigint NOT NULL,
    tipo_mantenimiento character varying(120) NOT NULL,
    descripcion_trabajos text NOT NULL,
    fecha_mantenimiento date NOT NULL,
    kilometraje_mantenimiento integer NOT NULL,
    tipo_intervalo character varying(5) NOT NULL,
    intervalo_dias integer,
    intervalo_km integer,
    fecha_proximo_mantenimiento date,
    kilometraje_proximo_mantenimiento integer,
    canal_envio character varying(10) NOT NULL,
    activo boolean NOT NULL,
    fecha_creacion timestamp with time zone NOT NULL,
    fecha_actualizacion timestamp with time zone NOT NULL,
    cliente_id bigint NOT NULL,
    orden_id bigint,
    vehiculo_id bigint NOT NULL,
    CONSTRAINT alertas_registromantenimient_kilometraje_proximo_mantenim_check CHECK ((kilometraje_proximo_mantenimiento >= 0)),
    CONSTRAINT alertas_registromantenimiento_intervalo_dias_check CHECK ((intervalo_dias >= 0)),
    CONSTRAINT alertas_registromantenimiento_intervalo_km_check CHECK ((intervalo_km >= 0)),
    CONSTRAINT alertas_registromantenimiento_kilometraje_mantenimiento_check CHECK ((kilometraje_mantenimiento >= 0))
);


--
-- Name: alertas_registromantenimiento_id_seq; Type: SEQUENCE; Schema: public; Owner: -
--

ALTER TABLE public.alertas_registromantenimiento ALTER COLUMN id ADD GENERATED BY DEFAULT AS IDENTITY (
    SEQUENCE NAME public.alertas_registromantenimiento_id_seq
    START WITH 1
    INCREMENT BY 1
    NO MINVALUE
    NO MAXVALUE
    CACHE 1
);


--
-- Name: auth_group; Type: TABLE; Schema: public; Owner: -
--

CREATE TABLE public.auth_group (
    id integer NOT NULL,
    name character varying(150) NOT NULL
);


--
-- Name: auth_group_id_seq; Type: SEQUENCE; Schema: public; Owner: -
--

ALTER TABLE public.auth_group ALTER COLUMN id ADD GENERATED BY DEFAULT AS IDENTITY (
    SEQUENCE NAME public.auth_group_id_seq
    START WITH 1
    INCREMENT BY 1
    NO MINVALUE
    NO MAXVALUE
    CACHE 1
);


--
-- Name: auth_group_permissions; Type: TABLE; Schema: public; Owner: -
--

CREATE TABLE public.auth_group_permissions (
    id bigint NOT NULL,
    group_id integer NOT NULL,
    permission_id integer NOT NULL
);


--
-- Name: auth_group_permissions_id_seq; Type: SEQUENCE; Schema: public; Owner: -
--

ALTER TABLE public.auth_group_permissions ALTER COLUMN id ADD GENERATED BY DEFAULT AS IDENTITY (
    SEQUENCE NAME public.auth_group_permissions_id_seq
    START WITH 1
    INCREMENT BY 1
    NO MINVALUE
    NO MAXVALUE
    CACHE 1
);


--
-- Name: auth_permission; Type: TABLE; Schema: public; Owner: -
--

CREATE TABLE public.auth_permission (
    id integer NOT NULL,
    name character varying(255) NOT NULL,
    content_type_id integer NOT NULL,
    codename character varying(100) NOT NULL
);


--
-- Name: auth_permission_id_seq; Type: SEQUENCE; Schema: public; Owner: -
--

ALTER TABLE public.auth_permission ALTER COLUMN id ADD GENERATED BY DEFAULT AS IDENTITY (
    SEQUENCE NAME public.auth_permission_id_seq
    START WITH 1
    INCREMENT BY 1
    NO MINVALUE
    NO MAXVALUE
    CACHE 1
);


--
-- Name: clientes_cliente; Type: TABLE; Schema: public; Owner: -
--

CREATE TABLE public.clientes_cliente (
    id bigint NOT NULL,
    tipo_documento character varying(10) NOT NULL,
    numero_documento character varying(20) NOT NULL,
    nombres character varying(100) NOT NULL,
    apellidos character varying(100) NOT NULL,
    telefono character varying(20) NOT NULL,
    email character varying(254) NOT NULL,
    direccion text NOT NULL,
    ciudad character varying(80) NOT NULL,
    observaciones text NOT NULL,
    fecha_registro timestamp with time zone NOT NULL,
    fecha_actualizacion timestamp with time zone NOT NULL,
    activo boolean NOT NULL
);


--
-- Name: clientes_cliente_id_seq; Type: SEQUENCE; Schema: public; Owner: -
--

ALTER TABLE public.clientes_cliente ALTER COLUMN id ADD GENERATED BY DEFAULT AS IDENTITY (
    SEQUENCE NAME public.clientes_cliente_id_seq
    START WITH 1
    INCREMENT BY 1
    NO MINVALUE
    NO MAXVALUE
    CACHE 1
);


--
-- Name: cotizaciones_cotizacion; Type: TABLE; Schema: public; Owner: -
--

CREATE TABLE public.cotizaciones_cotizacion (
    id bigint NOT NULL,
    numero_cotizacion character varying(20) NOT NULL,
    estado character varying(15) NOT NULL,
    descripcion text NOT NULL,
    observaciones text NOT NULL,
    fecha_creacion timestamp with time zone NOT NULL,
    fecha_validez date,
    fecha_aprobacion timestamp with time zone,
    descuento numeric(10,2) NOT NULL,
    cliente_id bigint NOT NULL,
    elaborado_por_id bigint,
    orden_generada_id bigint,
    vehiculo_id bigint NOT NULL,
    fecha_envio timestamp with time zone,
    aplica_iva boolean NOT NULL
);


--
-- Name: cotizaciones_cotizacion_id_seq; Type: SEQUENCE; Schema: public; Owner: -
--

ALTER TABLE public.cotizaciones_cotizacion ALTER COLUMN id ADD GENERATED BY DEFAULT AS IDENTITY (
    SEQUENCE NAME public.cotizaciones_cotizacion_id_seq
    START WITH 1
    INCREMENT BY 1
    NO MINVALUE
    NO MAXVALUE
    CACHE 1
);


--
-- Name: cotizaciones_detallecotizacion; Type: TABLE; Schema: public; Owner: -
--

CREATE TABLE public.cotizaciones_detallecotizacion (
    id bigint NOT NULL,
    tipo character varying(10) NOT NULL,
    descripcion character varying(200) NOT NULL,
    cantidad numeric(8,2) NOT NULL,
    precio_unitario numeric(10,2) NOT NULL,
    cotizacion_id bigint NOT NULL,
    servicio_id bigint
);


--
-- Name: cotizaciones_detallecotizacion_id_seq; Type: SEQUENCE; Schema: public; Owner: -
--

ALTER TABLE public.cotizaciones_detallecotizacion ALTER COLUMN id ADD GENERATED BY DEFAULT AS IDENTITY (
    SEQUENCE NAME public.cotizaciones_detallecotizacion_id_seq
    START WITH 1
    INCREMENT BY 1
    NO MINVALUE
    NO MAXVALUE
    CACHE 1
);


--
-- Name: django_admin_log; Type: TABLE; Schema: public; Owner: -
--

CREATE TABLE public.django_admin_log (
    id integer NOT NULL,
    action_time timestamp with time zone NOT NULL,
    object_id text,
    object_repr character varying(200) NOT NULL,
    action_flag smallint NOT NULL,
    change_message text NOT NULL,
    content_type_id integer,
    user_id bigint NOT NULL,
    CONSTRAINT django_admin_log_action_flag_check CHECK ((action_flag >= 0))
);


--
-- Name: django_admin_log_id_seq; Type: SEQUENCE; Schema: public; Owner: -
--

ALTER TABLE public.django_admin_log ALTER COLUMN id ADD GENERATED BY DEFAULT AS IDENTITY (
    SEQUENCE NAME public.django_admin_log_id_seq
    START WITH 1
    INCREMENT BY 1
    NO MINVALUE
    NO MAXVALUE
    CACHE 1
);


--
-- Name: django_content_type; Type: TABLE; Schema: public; Owner: -
--

CREATE TABLE public.django_content_type (
    id integer NOT NULL,
    app_label character varying(100) NOT NULL,
    model character varying(100) NOT NULL
);


--
-- Name: django_content_type_id_seq; Type: SEQUENCE; Schema: public; Owner: -
--

ALTER TABLE public.django_content_type ALTER COLUMN id ADD GENERATED BY DEFAULT AS IDENTITY (
    SEQUENCE NAME public.django_content_type_id_seq
    START WITH 1
    INCREMENT BY 1
    NO MINVALUE
    NO MAXVALUE
    CACHE 1
);


--
-- Name: django_migrations; Type: TABLE; Schema: public; Owner: -
--

CREATE TABLE public.django_migrations (
    id bigint NOT NULL,
    app character varying(255) NOT NULL,
    name character varying(255) NOT NULL,
    applied timestamp with time zone NOT NULL
);


--
-- Name: django_migrations_id_seq; Type: SEQUENCE; Schema: public; Owner: -
--

ALTER TABLE public.django_migrations ALTER COLUMN id ADD GENERATED BY DEFAULT AS IDENTITY (
    SEQUENCE NAME public.django_migrations_id_seq
    START WITH 1
    INCREMENT BY 1
    NO MINVALUE
    NO MAXVALUE
    CACHE 1
);


--
-- Name: django_session; Type: TABLE; Schema: public; Owner: -
--

CREATE TABLE public.django_session (
    session_key character varying(40) NOT NULL,
    session_data text NOT NULL,
    expire_date timestamp with time zone NOT NULL
);


--
-- Name: inventario_categoriarepuesto; Type: TABLE; Schema: public; Owner: -
--

CREATE TABLE public.inventario_categoriarepuesto (
    id bigint NOT NULL,
    nombre character varying(100) NOT NULL,
    descripcion text NOT NULL,
    activo boolean NOT NULL,
    fecha_creacion timestamp with time zone NOT NULL
);


--
-- Name: inventario_categoriarepuesto_id_seq; Type: SEQUENCE; Schema: public; Owner: -
--

ALTER TABLE public.inventario_categoriarepuesto ALTER COLUMN id ADD GENERATED BY DEFAULT AS IDENTITY (
    SEQUENCE NAME public.inventario_categoriarepuesto_id_seq
    START WITH 1
    INCREMENT BY 1
    NO MINVALUE
    NO MAXVALUE
    CACHE 1
);


--
-- Name: inventario_movimientoinventario; Type: TABLE; Schema: public; Owner: -
--

CREATE TABLE public.inventario_movimientoinventario (
    id bigint NOT NULL,
    tipo character varying(15) NOT NULL,
    cantidad integer NOT NULL,
    stock_anterior integer NOT NULL,
    stock_nuevo integer NOT NULL,
    motivo text NOT NULL,
    fecha_movimiento timestamp with time zone NOT NULL,
    realizado_por_id bigint,
    repuesto_id bigint NOT NULL,
    orden_trabajo_id bigint,
    CONSTRAINT inventario_movimientoinventario_stock_anterior_check CHECK ((stock_anterior >= 0)),
    CONSTRAINT inventario_movimientoinventario_stock_nuevo_check CHECK ((stock_nuevo >= 0))
);


--
-- Name: inventario_movimientoinventario_id_seq; Type: SEQUENCE; Schema: public; Owner: -
--

ALTER TABLE public.inventario_movimientoinventario ALTER COLUMN id ADD GENERATED BY DEFAULT AS IDENTITY (
    SEQUENCE NAME public.inventario_movimientoinventario_id_seq
    START WITH 1
    INCREMENT BY 1
    NO MINVALUE
    NO MAXVALUE
    CACHE 1
);


--
-- Name: inventario_repuesto; Type: TABLE; Schema: public; Owner: -
--

CREATE TABLE public.inventario_repuesto (
    id bigint NOT NULL,
    codigo character varying(50) NOT NULL,
    nombre character varying(200) NOT NULL,
    descripcion text NOT NULL,
    marca character varying(100) NOT NULL,
    modelo character varying(100) NOT NULL,
    stock_actual integer NOT NULL,
    stock_minimo integer NOT NULL,
    stock_maximo integer,
    precio_compra numeric(10,2) NOT NULL,
    precio_venta numeric(10,2) NOT NULL,
    ubicacion character varying(100) NOT NULL,
    activo boolean NOT NULL,
    fecha_creacion timestamp with time zone NOT NULL,
    fecha_actualizacion timestamp with time zone NOT NULL,
    categoria_id bigint,
    CONSTRAINT inventario_repuesto_stock_actual_check CHECK ((stock_actual >= 0)),
    CONSTRAINT inventario_repuesto_stock_maximo_check CHECK ((stock_maximo >= 0)),
    CONSTRAINT inventario_repuesto_stock_minimo_check CHECK ((stock_minimo >= 0))
);


--
-- Name: inventario_repuesto_id_seq; Type: SEQUENCE; Schema: public; Owner: -
--

ALTER TABLE public.inventario_repuesto ALTER COLUMN id ADD GENERATED BY DEFAULT AS IDENTITY (
    SEQUENCE NAME public.inventario_repuesto_id_seq
    START WITH 1
    INCREMENT BY 1
    NO MINVALUE
    NO MAXVALUE
    CACHE 1
);


--
-- Name: mantenimiento_historialmantenimiento; Type: TABLE; Schema: public; Owner: -
--

CREATE TABLE public.mantenimiento_historialmantenimiento (
    id bigint NOT NULL,
    descripcion text NOT NULL,
    km_al_servicio integer NOT NULL,
    proximo_km_sugerido integer,
    proxima_fecha_sugerida date,
    costo numeric(10,2) NOT NULL,
    fecha_servicio date NOT NULL,
    observaciones text NOT NULL,
    fecha_registro timestamp with time zone NOT NULL,
    orden_id bigint,
    tecnico_id bigint,
    tipo_servicio_id bigint,
    vehiculo_id bigint NOT NULL,
    CONSTRAINT mantenimiento_historialmantenimiento_km_al_servicio_check CHECK ((km_al_servicio >= 0)),
    CONSTRAINT mantenimiento_historialmantenimiento_proximo_km_sugerido_check CHECK ((proximo_km_sugerido >= 0))
);


--
-- Name: mantenimiento_historialmantenimiento_id_seq; Type: SEQUENCE; Schema: public; Owner: -
--

ALTER TABLE public.mantenimiento_historialmantenimiento ALTER COLUMN id ADD GENERATED BY DEFAULT AS IDENTITY (
    SEQUENCE NAME public.mantenimiento_historialmantenimiento_id_seq
    START WITH 1
    INCREMENT BY 1
    NO MINVALUE
    NO MAXVALUE
    CACHE 1
);


--
-- Name: mantenimiento_programamantenimiento; Type: TABLE; Schema: public; Owner: -
--

CREATE TABLE public.mantenimiento_programamantenimiento (
    id bigint NOT NULL,
    ultimo_km integer NOT NULL,
    ultima_fecha date,
    proximo_km integer,
    proxima_fecha date,
    intervalo_km integer NOT NULL,
    intervalo_dias integer NOT NULL,
    estado character varying(10) NOT NULL,
    observaciones text NOT NULL,
    activo boolean NOT NULL,
    fecha_creacion timestamp with time zone NOT NULL,
    fecha_actualizacion timestamp with time zone NOT NULL,
    tipo_servicio_id bigint NOT NULL,
    vehiculo_id bigint NOT NULL,
    CONSTRAINT mantenimiento_programamantenimiento_intervalo_dias_check CHECK ((intervalo_dias >= 0)),
    CONSTRAINT mantenimiento_programamantenimiento_intervalo_km_check CHECK ((intervalo_km >= 0)),
    CONSTRAINT mantenimiento_programamantenimiento_proximo_km_check CHECK ((proximo_km >= 0)),
    CONSTRAINT mantenimiento_programamantenimiento_ultimo_km_check CHECK ((ultimo_km >= 0))
);


--
-- Name: mantenimiento_programamantenimiento_id_seq; Type: SEQUENCE; Schema: public; Owner: -
--

ALTER TABLE public.mantenimiento_programamantenimiento ALTER COLUMN id ADD GENERATED BY DEFAULT AS IDENTITY (
    SEQUENCE NAME public.mantenimiento_programamantenimiento_id_seq
    START WITH 1
    INCREMENT BY 1
    NO MINVALUE
    NO MAXVALUE
    CACHE 1
);


--
-- Name: mantenimiento_tiposerviciomantenimiento; Type: TABLE; Schema: public; Owner: -
--

CREATE TABLE public.mantenimiento_tiposerviciomantenimiento (
    id bigint NOT NULL,
    nombre character varying(100) NOT NULL,
    descripcion text NOT NULL,
    intervalo_km_recomendado integer NOT NULL,
    intervalo_dias_recomendado integer NOT NULL,
    activo boolean NOT NULL,
    CONSTRAINT mantenimiento_tiposerviciomant_intervalo_dias_recomendado_check CHECK ((intervalo_dias_recomendado >= 0)),
    CONSTRAINT mantenimiento_tiposerviciomanten_intervalo_km_recomendado_check CHECK ((intervalo_km_recomendado >= 0))
);


--
-- Name: mantenimiento_tiposerviciomantenimiento_id_seq; Type: SEQUENCE; Schema: public; Owner: -
--

ALTER TABLE public.mantenimiento_tiposerviciomantenimiento ALTER COLUMN id ADD GENERATED BY DEFAULT AS IDENTITY (
    SEQUENCE NAME public.mantenimiento_tiposerviciomantenimiento_id_seq
    START WITH 1
    INCREMENT BY 1
    NO MINVALUE
    NO MAXVALUE
    CACHE 1
);


--
-- Name: ordenes_detalleordentrabajo; Type: TABLE; Schema: public; Owner: -
--

CREATE TABLE public.ordenes_detalleordentrabajo (
    id bigint NOT NULL,
    tipo character varying(10) NOT NULL,
    descripcion character varying(200) NOT NULL,
    cantidad numeric(8,2) NOT NULL,
    precio_unitario numeric(10,2) NOT NULL,
    orden_id bigint NOT NULL,
    servicio_id bigint,
    repuesto_inventario_id bigint
);


--
-- Name: ordenes_detalleordentrabajo_id_seq; Type: SEQUENCE; Schema: public; Owner: -
--

ALTER TABLE public.ordenes_detalleordentrabajo ALTER COLUMN id ADD GENERATED BY DEFAULT AS IDENTITY (
    SEQUENCE NAME public.ordenes_detalleordentrabajo_id_seq
    START WITH 1
    INCREMENT BY 1
    NO MINVALUE
    NO MAXVALUE
    CACHE 1
);


--
-- Name: ordenes_ordentrabajo; Type: TABLE; Schema: public; Owner: -
--

CREATE TABLE public.ordenes_ordentrabajo (
    id bigint NOT NULL,
    numero_orden character varying(20) NOT NULL,
    estado character varying(25) NOT NULL,
    prioridad character varying(10) NOT NULL,
    tipo_trabajo character varying(30) NOT NULL,
    kilometraje_ingreso integer NOT NULL,
    descripcion_problema text NOT NULL,
    diagnostico text NOT NULL,
    observaciones text NOT NULL,
    fecha_ingreso timestamp with time zone NOT NULL,
    fecha_estimada_entrega date,
    fecha_entrega_real timestamp with time zone,
    precio numeric(10,2) NOT NULL,
    costo_mano_obra numeric(10,2) NOT NULL,
    costo_repuestos numeric(10,2) NOT NULL,
    descuento numeric(10,2) NOT NULL,
    fecha_actualizacion timestamp with time zone NOT NULL,
    cliente_id bigint NOT NULL,
    recepcionista_id bigint,
    servicio_id bigint,
    tecnico_asignado_id bigint,
    vehiculo_id bigint NOT NULL,
    autorizacion_cliente text NOT NULL,
    CONSTRAINT ordenes_ordentrabajo_kilometraje_ingreso_check CHECK ((kilometraje_ingreso >= 0))
);


--
-- Name: ordenes_ordentrabajo_id_seq; Type: SEQUENCE; Schema: public; Owner: -
--

ALTER TABLE public.ordenes_ordentrabajo ALTER COLUMN id ADD GENERATED BY DEFAULT AS IDENTITY (
    SEQUENCE NAME public.ordenes_ordentrabajo_id_seq
    START WITH 1
    INCREMENT BY 1
    NO MINVALUE
    NO MAXVALUE
    CACHE 1
);


--
-- Name: roles_accion; Type: TABLE; Schema: public; Owner: -
--

CREATE TABLE public.roles_accion (
    id bigint NOT NULL,
    codigo character varying(50) NOT NULL,
    nombre character varying(100) NOT NULL,
    descripcion character varying(200) NOT NULL,
    modulo_id bigint NOT NULL
);


--
-- Name: roles_accion_id_seq; Type: SEQUENCE; Schema: public; Owner: -
--

ALTER TABLE public.roles_accion ALTER COLUMN id ADD GENERATED BY DEFAULT AS IDENTITY (
    SEQUENCE NAME public.roles_accion_id_seq
    START WITH 1
    INCREMENT BY 1
    NO MINVALUE
    NO MAXVALUE
    CACHE 1
);


--
-- Name: roles_modulo; Type: TABLE; Schema: public; Owner: -
--

CREATE TABLE public.roles_modulo (
    id bigint NOT NULL,
    codigo character varying(50) NOT NULL,
    nombre character varying(100) NOT NULL,
    icono character varying(60) NOT NULL,
    url_name character varying(100) NOT NULL,
    orden smallint NOT NULL,
    activo boolean NOT NULL,
    CONSTRAINT roles_modulo_orden_check CHECK ((orden >= 0))
);


--
-- Name: roles_modulo_id_seq; Type: SEQUENCE; Schema: public; Owner: -
--

ALTER TABLE public.roles_modulo ALTER COLUMN id ADD GENERATED BY DEFAULT AS IDENTITY (
    SEQUENCE NAME public.roles_modulo_id_seq
    START WITH 1
    INCREMENT BY 1
    NO MINVALUE
    NO MAXVALUE
    CACHE 1
);


--
-- Name: roles_rol; Type: TABLE; Schema: public; Owner: -
--

CREATE TABLE public.roles_rol (
    id bigint NOT NULL,
    codigo character varying(20) NOT NULL,
    nombre character varying(100) NOT NULL,
    descripcion text NOT NULL,
    activo boolean NOT NULL,
    es_sistema boolean NOT NULL,
    creado_en timestamp with time zone NOT NULL
);


--
-- Name: roles_rol_acciones; Type: TABLE; Schema: public; Owner: -
--

CREATE TABLE public.roles_rol_acciones (
    id bigint NOT NULL,
    rol_id bigint NOT NULL,
    accion_id bigint NOT NULL
);


--
-- Name: roles_rol_acciones_id_seq; Type: SEQUENCE; Schema: public; Owner: -
--

ALTER TABLE public.roles_rol_acciones ALTER COLUMN id ADD GENERATED BY DEFAULT AS IDENTITY (
    SEQUENCE NAME public.roles_rol_acciones_id_seq
    START WITH 1
    INCREMENT BY 1
    NO MINVALUE
    NO MAXVALUE
    CACHE 1
);


--
-- Name: roles_rol_id_seq; Type: SEQUENCE; Schema: public; Owner: -
--

ALTER TABLE public.roles_rol ALTER COLUMN id ADD GENERATED BY DEFAULT AS IDENTITY (
    SEQUENCE NAME public.roles_rol_id_seq
    START WITH 1
    INCREMENT BY 1
    NO MINVALUE
    NO MAXVALUE
    CACHE 1
);


--
-- Name: servicios_servicio; Type: TABLE; Schema: public; Owner: -
--

CREATE TABLE public.servicios_servicio (
    id bigint NOT NULL,
    nombre character varying(120) NOT NULL,
    descripcion text NOT NULL,
    estado boolean NOT NULL,
    fecha_creacion timestamp with time zone NOT NULL,
    fecha_actualizacion timestamp with time zone NOT NULL,
    categoria character varying(30) NOT NULL
);


--
-- Name: servicios_servicio_id_seq; Type: SEQUENCE; Schema: public; Owner: -
--

ALTER TABLE public.servicios_servicio ALTER COLUMN id ADD GENERATED BY DEFAULT AS IDENTITY (
    SEQUENCE NAME public.servicios_servicio_id_seq
    START WITH 1
    INCREMENT BY 1
    NO MINVALUE
    NO MAXVALUE
    CACHE 1
);


--
-- Name: servicios_serviciorepuesto; Type: TABLE; Schema: public; Owner: -
--

CREATE TABLE public.servicios_serviciorepuesto (
    id bigint NOT NULL,
    cantidad_sugerida numeric(8,2) NOT NULL,
    opcional boolean NOT NULL,
    nota character varying(200) NOT NULL,
    repuesto_id bigint NOT NULL,
    servicio_id bigint NOT NULL
);


--
-- Name: servicios_serviciorepuesto_id_seq; Type: SEQUENCE; Schema: public; Owner: -
--

ALTER TABLE public.servicios_serviciorepuesto ALTER COLUMN id ADD GENERATED BY DEFAULT AS IDENTITY (
    SEQUENCE NAME public.servicios_serviciorepuesto_id_seq
    START WITH 1
    INCREMENT BY 1
    NO MINVALUE
    NO MAXVALUE
    CACHE 1
);


--
-- Name: usuarios_usuario; Type: TABLE; Schema: public; Owner: -
--

CREATE TABLE public.usuarios_usuario (
    id bigint NOT NULL,
    password character varying(128) NOT NULL,
    last_login timestamp with time zone,
    is_superuser boolean NOT NULL,
    username character varying(150) NOT NULL,
    first_name character varying(150) NOT NULL,
    last_name character varying(150) NOT NULL,
    email character varying(254) NOT NULL,
    is_staff boolean NOT NULL,
    is_active boolean NOT NULL,
    date_joined timestamp with time zone NOT NULL,
    telefono character varying(20) NOT NULL,
    cedula character varying(13) NOT NULL,
    especialidad character varying(100) NOT NULL,
    activo boolean NOT NULL,
    rol_id bigint NOT NULL
);


--
-- Name: usuarios_usuario_groups; Type: TABLE; Schema: public; Owner: -
--

CREATE TABLE public.usuarios_usuario_groups (
    id bigint NOT NULL,
    usuario_id bigint NOT NULL,
    group_id integer NOT NULL
);


--
-- Name: usuarios_usuario_groups_id_seq; Type: SEQUENCE; Schema: public; Owner: -
--

ALTER TABLE public.usuarios_usuario_groups ALTER COLUMN id ADD GENERATED BY DEFAULT AS IDENTITY (
    SEQUENCE NAME public.usuarios_usuario_groups_id_seq
    START WITH 1
    INCREMENT BY 1
    NO MINVALUE
    NO MAXVALUE
    CACHE 1
);


--
-- Name: usuarios_usuario_id_seq; Type: SEQUENCE; Schema: public; Owner: -
--

ALTER TABLE public.usuarios_usuario ALTER COLUMN id ADD GENERATED BY DEFAULT AS IDENTITY (
    SEQUENCE NAME public.usuarios_usuario_id_seq
    START WITH 1
    INCREMENT BY 1
    NO MINVALUE
    NO MAXVALUE
    CACHE 1
);


--
-- Name: usuarios_usuario_user_permissions; Type: TABLE; Schema: public; Owner: -
--

CREATE TABLE public.usuarios_usuario_user_permissions (
    id bigint NOT NULL,
    usuario_id bigint NOT NULL,
    permission_id integer NOT NULL
);


--
-- Name: usuarios_usuario_user_permissions_id_seq; Type: SEQUENCE; Schema: public; Owner: -
--

ALTER TABLE public.usuarios_usuario_user_permissions ALTER COLUMN id ADD GENERATED BY DEFAULT AS IDENTITY (
    SEQUENCE NAME public.usuarios_usuario_user_permissions_id_seq
    START WITH 1
    INCREMENT BY 1
    NO MINVALUE
    NO MAXVALUE
    CACHE 1
);


--
-- Name: vehiculos_vehiculo; Type: TABLE; Schema: public; Owner: -
--

CREATE TABLE public.vehiculos_vehiculo (
    id bigint NOT NULL,
    placa character varying(10) NOT NULL,
    marca character varying(60) NOT NULL,
    modelo character varying(80) NOT NULL,
    anio smallint NOT NULL,
    color character varying(40) NOT NULL,
    tipo_vehiculo character varying(15) NOT NULL,
    tipo_combustible character varying(15) NOT NULL,
    numero_vin character varying(17) NOT NULL,
    numero_motor character varying(50) NOT NULL,
    kilometraje_actual integer NOT NULL,
    cilindraje character varying(20) NOT NULL,
    transmision character varying(20) NOT NULL,
    observaciones text NOT NULL,
    fecha_registro timestamp with time zone NOT NULL,
    fecha_actualizacion timestamp with time zone NOT NULL,
    activo boolean NOT NULL,
    cliente_id bigint NOT NULL,
    CONSTRAINT vehiculos_vehiculo_anio_check CHECK ((anio >= 0)),
    CONSTRAINT vehiculos_vehiculo_kilometraje_actual_check CHECK ((kilometraje_actual >= 0))
);


--
-- Name: vehiculos_vehiculo_id_seq; Type: SEQUENCE; Schema: public; Owner: -
--

ALTER TABLE public.vehiculos_vehiculo ALTER COLUMN id ADD GENERATED BY DEFAULT AS IDENTITY (
    SEQUENCE NAME public.vehiculos_vehiculo_id_seq
    START WITH 1
    INCREMENT BY 1
    NO MINVALUE
    NO MAXVALUE
    CACHE 1
);


--
-- Data for Name: alertas_alerta; Type: TABLE DATA; Schema: public; Owner: -
--

COPY public.alertas_alerta (id, tipo, nivel, mensaje, fecha_creacion, fecha_vencimiento, leida, activa, destinatario_id, orden_id, vehiculo_id, canal, programada_para, enviada_email, enviada_whatsapp, ultimo_error_envio) FROM stdin;
1	MANT_VENC	DANGER	Mantenimiento VENCIDO: GBA-7890 (Kia Sportage 2021) — Cambio de filtro de aire supero el intervalo recomendado	2026-06-28 13:30:39.163705-05	\N	f	t	\N	\N	5	INTERNA	\N	f	f	
4	RETRASO	WARNING	Vehiculo GBA-4680 lleva mas de 3 dias en taller sin actualizacion de estado	2026-06-28 13:30:39.173779-05	\N	f	t	\N	\N	14	INTERNA	\N	f	f	
5	ORD_PEND	INFO	Nueva orden pendiente de asignacion para GBA-8901	2026-06-28 13:30:39.17539-05	\N	f	t	2	\N	10	INTERNA	\N	f	f	
7	PROX_MANT	WARNING	Proximo mantenimiento: GUZ-2468 — Cambio de filtro de aire proximos 1000 km	2026-06-28 13:30:39.178125-05	\N	f	t	\N	\N	12	INTERNA	\N	f	f	
9	ORD_PEND	INFO	Orden pendiente para GUZ-1357 requiere asignacion de tecnico	2026-06-28 13:30:39.180444-05	\N	f	t	3	\N	11	INTERNA	\N	f	f	
11	PROX_MANT	WARNING	Proximo mantenimiento: GUZ-5678 — Cambio de aceite en proximos 500 km	2026-06-28 13:30:39.182911-05	\N	f	t	\N	\N	2	INTERNA	\N	f	f	
12	RETRASO	WARNING	Vehiculo GUZ-4567 lleva 5 dias en taller sin actualizacion	2026-06-28 13:30:39.184149-05	\N	f	t	\N	\N	9	INTERNA	\N	f	f	
13	ORD_PEND	INFO	Nueva orden recibida para GUZ-5791	2026-06-28 13:30:39.18536-05	\N	f	t	2	\N	15	INTERNA	\N	f	f	
15	PROX_MANT	WARNING	Proximo mantenimiento: GUZ-6789 — Cambio liquido frenos proximos 30 dias	2026-06-28 13:30:39.188226-05	\N	f	t	\N	\N	7	INTERNA	\N	f	f	
8	MANT_VENC	DANGER	Mantenimiento VENCIDO: GUZ-9012 — Cambio de aceite vencido por 80 dias	2026-06-28 13:30:39.179244-05	\N	t	t	1	\N	3	INTERNA	\N	f	f	
3	PROX_MANT	WARNING	Proximo mantenimiento: GBA-3456 — Cambio de aceite en los proximos 500 km	2026-06-28 13:30:39.171339-05	\N	t	t	1	\N	4	INTERNA	\N	f	f	
2	MANT_VENC	DANGER	Mantenimiento VENCIDO: GUZ-1234 (Toyota Corolla 2018) — Cambio de aceite no realizado en 100+ dias	2026-06-28 13:30:39.169554-05	\N	t	t	1	\N	1	INTERNA	\N	f	f	
6	VEH_LISTO	INFO	Vehiculo GBA-3579 (Suzuki Vitara 2020) esta LISTO para entrega	2026-06-28 13:30:39.176859-05	\N	t	t	1	\N	13	INTERNA	\N	f	f	
10	VEH_LISTO	INFO	Vehiculo GBA-0123 (Volkswagen Jetta 2019) esta LISTO para entrega	2026-06-28 13:30:39.181742-05	\N	t	t	1	\N	8	INTERNA	\N	f	f	
14	VEH_LISTO	INFO	Vehiculo GUZ-2345 (Mazda CX-5 2017) esta LISTO para entrega	2026-06-28 13:30:39.186987-05	\N	t	t	1	\N	6	INTERNA	\N	f	f	
\.


--
-- Data for Name: alertas_configuracionrecordatorio; Type: TABLE DATA; Schema: public; Owner: -
--

COPY public.alertas_configuracionrecordatorio (id, dias_anticipacion, activo, fecha_actualizacion) FROM stdin;
1	5	t	2026-06-28 15:35:40.920917-05
\.


--
-- Data for Name: alertas_plantillamensaje; Type: TABLE DATA; Schema: public; Owner: -
--

COPY public.alertas_plantillamensaje (id, nombre, canal, asunto, cuerpo, activa, fecha_actualizacion) FROM stdin;
\.


--
-- Data for Name: alertas_recordatoriomantenimiento; Type: TABLE DATA; Schema: public; Owner: -
--

COPY public.alertas_recordatoriomantenimiento (id, canal, estado, fecha_programada, fecha_envio, enviado_email, enviado_whatsapp, error_detalle, intento_numero, fecha_creacion, registro_id) FROM stdin;
1	EMAIL	PENDIENTE	2026-09-21	\N	f	f		1	2026-06-28 15:37:11.38158-05	1
2	WHATSAPP	ERROR	2026-06-28	\N	f	f	WhatsApp: WhatsApp no configurado. Configure WHATSAPP_PROVIDER=TWILIO o META y las credenciales correspondientes en el archivo .env	2	2026-06-28 15:40:26.126817-05	1
3	EMAIL	ERROR	2026-06-28	\N	f	f	Email: (535, b'5.7.8 Username and Password not accepted. For more information, go to\\n5.7.8  https://support.google.com/mail/?p=BadCredentials 71dfb90a1353d-5bd917b6138sm2310242e0c.10 - gsmtp')	3	2026-06-28 15:40:37.863832-05	1
4	EMAIL	ERROR	2026-06-28	\N	f	f	Email: No module named 'anymail.backends.mailtrap'	4	2026-06-28 20:47:55.451861-05	1
5	EMAIL	ENVIADO	2026-06-28	2026-06-28 20:54:57.524912-05	t	f		5	2026-06-28 20:54:55.494396-05	1
6	EMAIL	ENVIADO	2026-06-28	2026-06-28 21:00:58.32693-05	t	f		6	2026-06-28 21:00:56.669188-05	1
\.


--
-- Data for Name: alertas_registromantenimiento; Type: TABLE DATA; Schema: public; Owner: -
--

COPY public.alertas_registromantenimiento (id, tipo_mantenimiento, descripcion_trabajos, fecha_mantenimiento, kilometraje_mantenimiento, tipo_intervalo, intervalo_dias, intervalo_km, fecha_proximo_mantenimiento, kilometraje_proximo_mantenimiento, canal_envio, activo, fecha_creacion, fecha_actualizacion, cliente_id, orden_id, vehiculo_id) FROM stdin;
1	Mantenimiento Preventivo	Mantenimiento preventivo programado	2026-06-28	45320	DIAS	90	\N	2026-07-03	\N	EMAIL	t	2026-06-28 15:37:11.376707-05	2026-06-28 15:37:11.376723-05	16	16	16
\.


--
-- Data for Name: auth_group; Type: TABLE DATA; Schema: public; Owner: -
--

COPY public.auth_group (id, name) FROM stdin;
\.


--
-- Data for Name: auth_group_permissions; Type: TABLE DATA; Schema: public; Owner: -
--

COPY public.auth_group_permissions (id, group_id, permission_id) FROM stdin;
\.


--
-- Data for Name: auth_permission; Type: TABLE DATA; Schema: public; Owner: -
--

COPY public.auth_permission (id, name, content_type_id, codename) FROM stdin;
1	Can add log entry	1	add_logentry
2	Can change log entry	1	change_logentry
3	Can delete log entry	1	delete_logentry
4	Can view log entry	1	view_logentry
5	Can add permission	2	add_permission
6	Can change permission	2	change_permission
7	Can delete permission	2	delete_permission
8	Can view permission	2	view_permission
9	Can add group	3	add_group
10	Can change group	3	change_group
11	Can delete group	3	delete_group
12	Can view group	3	view_group
13	Can add content type	4	add_contenttype
14	Can change content type	4	change_contenttype
15	Can delete content type	4	delete_contenttype
16	Can view content type	4	view_contenttype
17	Can add session	5	add_session
18	Can change session	5	change_session
19	Can delete session	5	delete_session
20	Can view session	5	view_session
21	Can add Usuario	6	add_usuario
22	Can change Usuario	6	change_usuario
23	Can delete Usuario	6	delete_usuario
24	Can view Usuario	6	view_usuario
25	Can add Cliente	7	add_cliente
26	Can change Cliente	7	change_cliente
27	Can delete Cliente	7	delete_cliente
28	Can view Cliente	7	view_cliente
29	Can add Vehículo	8	add_vehiculo
30	Can change Vehículo	8	change_vehiculo
31	Can delete Vehículo	8	delete_vehiculo
32	Can view Vehículo	8	view_vehiculo
33	Can add Detalle de orden	9	add_detalleorden
34	Can change Detalle de orden	9	change_detalleorden
35	Can delete Detalle de orden	9	delete_detalleorden
36	Can view Detalle de orden	9	view_detalleorden
37	Can add Orden de servicio	10	add_ordenservicio
38	Can change Orden de servicio	10	change_ordenservicio
39	Can delete Orden de servicio	10	delete_ordenservicio
40	Can view Orden de servicio	10	view_ordenservicio
41	Can add Cotización	11	add_cotizacion
42	Can change Cotización	11	change_cotizacion
43	Can delete Cotización	11	delete_cotizacion
44	Can view Cotización	11	view_cotizacion
45	Can add Detalle de cotización	12	add_detallecotizacion
46	Can change Detalle de cotización	12	change_detallecotizacion
47	Can delete Detalle de cotización	12	delete_detallecotizacion
48	Can view Detalle de cotización	12	view_detallecotizacion
49	Can add Historial de mantenimiento	13	add_historialmantenimiento
50	Can change Historial de mantenimiento	13	change_historialmantenimiento
51	Can delete Historial de mantenimiento	13	delete_historialmantenimiento
52	Can view Historial de mantenimiento	13	view_historialmantenimiento
53	Can add Tipo de mantenimiento	14	add_tiposerviciomantenimiento
54	Can change Tipo de mantenimiento	14	change_tiposerviciomantenimiento
55	Can delete Tipo de mantenimiento	14	delete_tiposerviciomantenimiento
56	Can view Tipo de mantenimiento	14	view_tiposerviciomantenimiento
57	Can add Programa de mantenimiento	15	add_programamantenimiento
58	Can change Programa de mantenimiento	15	change_programamantenimiento
59	Can delete Programa de mantenimiento	15	delete_programamantenimiento
60	Can view Programa de mantenimiento	15	view_programamantenimiento
61	Can add Alerta	16	add_alerta
62	Can change Alerta	16	change_alerta
63	Can delete Alerta	16	delete_alerta
64	Can view Alerta	16	view_alerta
65	Can add Plantilla de mensaje	17	add_plantillamensaje
66	Can change Plantilla de mensaje	17	change_plantillamensaje
67	Can delete Plantilla de mensaje	17	delete_plantillamensaje
68	Can view Plantilla de mensaje	17	view_plantillamensaje
69	Can add Categoría de repuesto	18	add_categoriarepuesto
70	Can change Categoría de repuesto	18	change_categoriarepuesto
71	Can delete Categoría de repuesto	18	delete_categoriarepuesto
72	Can view Categoría de repuesto	18	view_categoriarepuesto
73	Can add Repuesto	19	add_repuesto
74	Can change Repuesto	19	change_repuesto
75	Can delete Repuesto	19	delete_repuesto
76	Can view Repuesto	19	view_repuesto
77	Can add Movimiento de inventario	20	add_movimientoinventario
78	Can change Movimiento de inventario	20	change_movimientoinventario
79	Can delete Movimiento de inventario	20	delete_movimientoinventario
80	Can view Movimiento de inventario	20	view_movimientoinventario
81	Can add Factura interna	21	add_facturainterna
82	Can change Factura interna	21	change_facturainterna
83	Can delete Factura interna	21	delete_facturainterna
84	Can view Factura interna	21	view_facturainterna
85	Can add Servicio	22	add_servicio
86	Can change Servicio	22	change_servicio
87	Can delete Servicio	22	delete_servicio
88	Can view Servicio	22	view_servicio
89	Can add Detalle de orden de trabajo	23	add_detalleordentrabajo
90	Can change Detalle de orden de trabajo	23	change_detalleordentrabajo
91	Can delete Detalle de orden de trabajo	23	delete_detalleordentrabajo
92	Can view Detalle de orden de trabajo	23	view_detalleordentrabajo
93	Can add Orden de trabajo	24	add_ordentrabajo
94	Can change Orden de trabajo	24	change_ordentrabajo
95	Can delete Orden de trabajo	24	delete_ordentrabajo
96	Can view Orden de trabajo	24	view_ordentrabajo
97	Can add Configuración de recordatorio	25	add_configuracionrecordatorio
98	Can change Configuración de recordatorio	25	change_configuracionrecordatorio
99	Can delete Configuración de recordatorio	25	delete_configuracionrecordatorio
100	Can view Configuración de recordatorio	25	view_configuracionrecordatorio
101	Can add Registro de mantenimiento	26	add_registromantenimiento
102	Can change Registro de mantenimiento	26	change_registromantenimiento
103	Can delete Registro de mantenimiento	26	delete_registromantenimiento
104	Can view Registro de mantenimiento	26	view_registromantenimiento
105	Can add Recordatorio de mantenimiento	27	add_recordatoriomantenimiento
106	Can change Recordatorio de mantenimiento	27	change_recordatoriomantenimiento
107	Can delete Recordatorio de mantenimiento	27	delete_recordatoriomantenimiento
108	Can view Recordatorio de mantenimiento	27	view_recordatoriomantenimiento
109	Can add Repuesto sugerido	28	add_serviciorepuesto
110	Can change Repuesto sugerido	28	change_serviciorepuesto
111	Can delete Repuesto sugerido	28	delete_serviciorepuesto
112	Can view Repuesto sugerido	28	view_serviciorepuesto
113	Can add Acción	29	add_accion
114	Can change Acción	29	change_accion
115	Can delete Acción	29	delete_accion
116	Can view Acción	29	view_accion
117	Can add Módulo	30	add_modulo
118	Can change Módulo	30	change_modulo
119	Can delete Módulo	30	delete_modulo
120	Can view Módulo	30	view_modulo
121	Can add Rol	31	add_rol
122	Can change Rol	31	change_rol
123	Can delete Rol	31	delete_rol
124	Can view Rol	31	view_rol
\.


--
-- Data for Name: clientes_cliente; Type: TABLE DATA; Schema: public; Owner: -
--

COPY public.clientes_cliente (id, tipo_documento, numero_documento, nombres, apellidos, telefono, email, direccion, ciudad, observaciones, fecha_registro, fecha_actualizacion, activo) FROM stdin;
1	CEDULA	0912345001	Juan	Perez Garcia	0991100001	juan.perez@gmail.com	Cdla. Urdesa Central, Av. Las Monjas	Guayaquil		2026-06-28 13:30:38.515988-05	2026-06-28 13:30:38.516008-05	t
2	CEDULA	0912345002	Ana	Rodriguez Lopez	0991100002	ana.rodriguez@hotmail.com	Av. de las Americas 234	Guayaquil		2026-06-28 13:30:38.520872-05	2026-06-28 13:30:38.520881-05	t
3	CEDULA	0912345003	Roberto	Sanchez Mora	0991100003	r.sanchez@empresa.com	Urb. Alborada XII Etapa	Guayaquil		2026-06-28 13:30:38.523237-05	2026-06-28 13:30:38.52325-05	t
4	CEDULA	0912345004	Carmen	Flores Vega	0991100004	carmen.flores@gmail.com	Miraflores, Calle 5ta	Guayaquil		2026-06-28 13:30:38.525737-05	2026-06-28 13:30:38.525748-05	t
5	CEDULA	0912345005	Diego	Herrera Castro	0991100005	d.herrera@outlook.com	Los Ceibos, Mz. 8 V. 3	Guayaquil		2026-06-28 13:30:38.527279-05	2026-06-28 13:30:38.52729-05	t
6	CEDULA	0912345006	Patricia	Morales Rios	0991100006	p.morales@gmail.com	Kennedy Norte, Av. San Jorge	Guayaquil		2026-06-28 13:30:38.529316-05	2026-06-28 13:30:38.529327-05	t
7	CEDULA	0912345007	Fernando	Cruz Espinoza	0991100007	fernando.cruz@mail.com	Samborondon, Via a Daule	Guayaquil		2026-06-28 13:30:38.531026-05	2026-06-28 13:30:38.531037-05	t
8	CEDULA	0912345008	Lucia	Vargas Ponce	0991100008	lucia.vargas@gmail.com	Cdla. Portete, Blk 7	Guayaquil		2026-06-28 13:30:38.532513-05	2026-06-28 13:30:38.532523-05	t
9	CEDULA	0912345009	Marco	Jimenez Loor	0991100009	marco.jimenez@empresa.ec	Puerto Azul, Urb. 2	Guayaquil		2026-06-28 13:30:38.533995-05	2026-06-28 13:30:38.534007-05	t
10	CEDULA	0912345010	Veronica	Alvarado Suarez	0991100010	v.alvarado@gmail.com	Guasmo Sur, Coop. 15 de Agosto	Guayaquil		2026-06-28 13:30:38.536274-05	2026-06-28 13:30:38.536293-05	t
11	CEDULA	0912345011	Andres	Munoz Delgado	0991100011	andres.munoz@mail.com	Sauces 9, Av. Principal	Guayaquil		2026-06-28 13:30:38.538072-05	2026-06-28 13:30:38.538082-05	t
12	CEDULA	0912345012	Isabella	Ortiz Naranjo	0991100012	i.ortiz@outlook.com	Av. Constitucion 890	Guayaquil		2026-06-28 13:30:38.539779-05	2026-06-28 13:30:38.539797-05	t
13	CEDULA	0912345013	Ricardo	Mendoza Vera	0991100013	r.mendoza@gmail.com	Cdla. Kennedy Norte	Guayaquil		2026-06-28 13:30:38.542585-05	2026-06-28 13:30:38.542599-05	t
14	CEDULA	0912345014	Gabriela	Silva Castro	0991100014	g.silva@hotmail.com	Urb. Los Olivos	Guayaquil		2026-06-28 13:30:38.544819-05	2026-06-28 13:30:38.54483-05	t
15	CEDULA	0912345015	Eduardo	Torres Mora	0991100015	e.torres@empresa.com	Av. Principal 1234	Guayaquil		2026-06-28 13:30:38.54683-05	2026-06-28 13:30:38.546843-05	t
18	CEDULA	0987654321	Synned	Leumas	0988794071	samuelvalencia780@gmail.com	Guasmo sur\r\nMz10 Sl40	Guayaquil		2026-06-29 09:04:57.714121-05	2026-06-29 09:04:57.71436-05	t
16	CEDULA	0988794071	Dennys Samuel	Valencia Mosquera	0988794071	SamuelValencia780@gmail.com	Av. de las Américas y Portete, Guayaquil	Guayaquil	Cliente VIP — datos de prueba	2026-06-28 15:35:40.93764-05	2026-07-06 06:36:55.740384-05	f
17	CEDULA	0955399639	Samuel	Valencia	0988794071	samuelvalencia780@gmail.com	Guasmo sur\r\nMz10 Sl40	Guayaquil		2026-06-29 00:28:11.301582-05	2026-07-06 06:50:28.883523-05	t
19	CEDULA	0955399637	Dennys	Valencia Mosquera	0988794071		Guasmo sur coop. Batalla de Tarqui mz10 sl.40	Guayaquil		2026-07-11 01:39:42.838092-05	2026-07-11 01:39:42.838105-05	t
\.


--
-- Data for Name: cotizaciones_cotizacion; Type: TABLE DATA; Schema: public; Owner: -
--

COPY public.cotizaciones_cotizacion (id, numero_cotizacion, estado, descripcion, observaciones, fecha_creacion, fecha_validez, fecha_aprobacion, descuento, cliente_id, elaborado_por_id, orden_generada_id, vehiculo_id, fecha_envio, aplica_iva) FROM stdin;
1	COT-20260628-0001	APROBADA	Reparacion completa sistema de frenos y suspension delantera		2026-06-28 13:30:38.947426-05	2026-07-13	2026-06-26 13:30:38.952236-05	0.00	11	1	\N	8	\N	f
2	COT-20260628-0002	PENDIENTE	Cambio de correa de distribucion, bomba de agua y revision general		2026-06-28 13:30:38.963232-05	2026-07-13	\N	0.00	14	1	\N	13	\N	f
3	COT-20260628-0003	RECHAZADA	Pintura y latoneria puerta trasera izquierda		2026-06-28 13:30:38.974524-05	2026-07-13	\N	0.00	9	1	\N	5	\N	f
4	COT-20260628-0004	PENDIENTE	Overhaul motor completo, revision de culata y pistones		2026-06-28 13:30:38.981178-05	2026-07-13	\N	0.00	10	1	\N	1	\N	f
5	COT-20260628-0005	APROBADA	Revision completa 60.000 km		2026-06-28 13:30:38.988894-05	2026-07-13	2026-06-26 13:30:38.990875-05	0.00	13	1	\N	6	\N	f
6	COT-20260628-0006	PENDIENTE	Cambio kit de embrague y rodamiento piloto		2026-06-28 13:30:38.997259-05	2026-07-13	\N	0.00	12	1	\N	9	\N	f
7	COT-20260628-0007	VENCIDA	Pintura capo y parachoques		2026-06-28 13:30:39.003793-05	2026-07-13	\N	0.00	8	1	\N	15	\N	f
8	COT-20260628-0008	PENDIENTE	Cambio amortiguadores y terminales		2026-06-28 13:30:39.010032-05	2026-07-13	\N	0.00	5	1	\N	4	\N	f
9	COT-20260628-0009	APROBADA	Revision sistema de aire acondicionado		2026-06-28 13:30:39.015362-05	2026-07-13	2026-06-26 13:30:39.016088-05	0.00	15	1	\N	14	\N	f
10	COT-20260628-0010	PENDIENTE	Cambio correa de accesorios y tensionadores		2026-06-28 13:30:39.023345-05	2026-07-13	\N	0.00	1	1	\N	10	\N	f
11	COT-20260628-0011	RECHAZADA	Overhaul transmision automatica		2026-06-28 13:30:39.029565-05	2026-07-13	\N	0.00	2	1	\N	11	\N	f
12	COT-20260628-0012	PENDIENTE	Revision general pre-compra		2026-06-28 13:30:39.03488-05	2026-07-13	\N	0.00	3	1	\N	12	\N	f
13	COT-20260628-0013	APROBADA	Cambio bateria y revision sistema electrico		2026-06-28 13:30:39.039469-05	2026-07-13	2026-06-26 13:30:39.040699-05	0.00	7	1	\N	2	\N	f
14	COT-20260628-0014	PENDIENTE	Cambio liquido de frenos y purga		2026-06-28 13:30:39.045401-05	2026-07-13	\N	0.00	6	1	\N	7	\N	f
15	COT-20260628-0015	VENCIDA	Revision suspension y direccion		2026-06-28 13:30:39.049768-05	2026-07-13	\N	0.00	4	1	\N	3	\N	f
16	COT-20260628-0016	BORRADOR	Mantenimiento		2026-06-28 15:21:37.359559-05	2026-06-30	\N	0.00	10	1	\N	1	\N	t
\.


--
-- Data for Name: cotizaciones_detallecotizacion; Type: TABLE DATA; Schema: public; Owner: -
--

COPY public.cotizaciones_detallecotizacion (id, tipo, descripcion, cantidad, precio_unitario, cotizacion_id, servicio_id) FROM stdin;
1	SERVICIO	Mano de obra frenos completos	1.00	120.00	1	\N
2	REPUESTO	Kit frenos completo 4 ruedas	1.00	280.00	1	\N
3	SERVICIO	Cambio correa distribucion	1.00	100.00	2	\N
4	REPUESTO	Kit distribucion original	1.00	180.00	2	\N
5	REPUESTO	Bomba de agua original	1.00	95.00	2	\N
6	SERVICIO	Pintura puerta + mano de obra	1.00	200.00	3	\N
7	REPUESTO	Material pintura y latoneria	1.00	150.00	3	\N
8	SERVICIO	Overhaul motor completo	1.00	600.00	4	\N
9	REPUESTO	Kit de pistones y aros	1.00	350.00	4	\N
10	REPUESTO	Juego juntas motor	1.00	120.00	4	\N
11	SERVICIO	Revision 60.000 km completa	1.00	150.00	5	\N
12	REPUESTO	Kit mantenimiento completo	1.00	200.00	5	\N
13	SERVICIO	Cambio kit embrague	1.00	80.00	6	\N
14	REPUESTO	Kit embrague original	1.00	280.00	6	\N
15	REPUESTO	Rodamiento piloto	1.00	45.00	6	\N
16	SERVICIO	Pintura capo y parachoques	1.00	180.00	7	\N
17	REPUESTO	Material pintura premium	1.00	220.00	7	\N
18	SERVICIO	Cambio amortiguadores	1.00	100.00	8	\N
19	REPUESTO	Amortiguadores (par)	1.00	180.00	8	\N
20	REPUESTO	Terminales (par)	1.00	60.00	8	\N
21	SERVICIO	Revision aire acondicionado	1.00	60.00	9	\N
22	REPUESTO	Gas refrigerante	1.00	80.00	9	\N
23	REPUESTO	Kit reparacion	1.00	45.00	9	\N
24	SERVICIO	Cambio correa accesorios	1.00	50.00	10	\N
25	REPUESTO	Correa accesorios	1.00	45.00	10	\N
26	REPUESTO	Tensionadores (set)	1.00	85.00	10	\N
27	SERVICIO	Overhaul transmision	1.00	500.00	11	\N
28	REPUESTO	Kit reparacion transmision	1.00	400.00	11	\N
29	SERVICIO	Inspeccion pre-compra	1.00	80.00	12	\N
30	REPUESTO	Diagnostico computarizado	1.00	40.00	12	\N
31	SERVICIO	Cambio bateria	1.00	40.00	13	\N
32	REPUESTO	Bateria premium	1.00	150.00	13	\N
33	SERVICIO	Cambio liquido frenos	1.00	45.00	14	\N
34	REPUESTO	Liquido frenos DOT4	1.00	35.00	14	\N
35	SERVICIO	Revision suspension	1.00	70.00	15	\N
36	REPUESTO	Kit revision direccion	1.00	120.00	15	\N
\.


--
-- Data for Name: django_admin_log; Type: TABLE DATA; Schema: public; Owner: -
--

COPY public.django_admin_log (id, action_time, object_id, object_repr, action_flag, change_message, content_type_id, user_id) FROM stdin;
\.


--
-- Data for Name: django_content_type; Type: TABLE DATA; Schema: public; Owner: -
--

COPY public.django_content_type (id, app_label, model) FROM stdin;
1	admin	logentry
2	auth	permission
3	auth	group
4	contenttypes	contenttype
5	sessions	session
6	usuarios	usuario
7	clientes	cliente
8	vehiculos	vehiculo
9	ordenes	detalleorden
10	ordenes	ordenservicio
11	cotizaciones	cotizacion
12	cotizaciones	detallecotizacion
13	mantenimiento	historialmantenimiento
14	mantenimiento	tiposerviciomantenimiento
15	mantenimiento	programamantenimiento
16	alertas	alerta
17	alertas	plantillamensaje
18	inventario	categoriarepuesto
19	inventario	repuesto
20	inventario	movimientoinventario
21	facturacion	facturainterna
22	servicios	servicio
23	ordenes	detalleordentrabajo
24	ordenes	ordentrabajo
25	alertas	configuracionrecordatorio
26	alertas	registromantenimiento
27	alertas	recordatoriomantenimiento
28	servicios	serviciorepuesto
29	roles	accion
30	roles	modulo
31	roles	rol
\.


--
-- Data for Name: django_migrations; Type: TABLE DATA; Schema: public; Owner: -
--

COPY public.django_migrations (id, app, name, applied) FROM stdin;
1	contenttypes	0001_initial	2026-06-24 09:03:42.208194-05
2	contenttypes	0002_remove_content_type_name	2026-06-24 09:03:42.224689-05
3	auth	0001_initial	2026-06-24 09:03:42.358035-05
4	auth	0002_alter_permission_name_max_length	2026-06-24 09:03:42.368858-05
5	auth	0003_alter_user_email_max_length	2026-06-24 09:03:42.376285-05
6	auth	0004_alter_user_username_opts	2026-06-24 09:03:42.384817-05
7	auth	0005_alter_user_last_login_null	2026-06-24 09:03:42.392014-05
8	auth	0006_require_contenttypes_0002	2026-06-24 09:03:42.396484-05
9	auth	0007_alter_validators_add_error_messages	2026-06-24 09:03:42.404254-05
10	auth	0008_alter_user_username_max_length	2026-06-24 09:03:42.411139-05
11	auth	0009_alter_user_last_name_max_length	2026-06-24 09:03:42.417876-05
12	auth	0010_alter_group_name_max_length	2026-06-24 09:03:42.445234-05
13	auth	0011_update_proxy_permissions	2026-06-24 09:03:42.454029-05
14	auth	0012_alter_user_first_name_max_length	2026-06-24 09:03:42.461208-05
15	usuarios	0001_initial	2026-06-24 09:03:42.651651-05
16	admin	0001_initial	2026-06-24 09:03:42.72007-05
17	admin	0002_logentry_remove_auto_add	2026-06-24 09:03:42.73078-05
18	admin	0003_logentry_add_action_flag_choices	2026-06-24 09:03:42.742216-05
19	clientes	0001_initial	2026-06-24 09:03:42.808928-05
20	vehiculos	0001_initial	2026-06-24 09:03:42.912917-05
21	ordenes	0001_initial	2026-06-24 09:03:43.020144-05
22	alertas	0001_initial	2026-06-24 09:03:43.044325-05
23	alertas	0002_initial	2026-06-24 09:03:43.300026-05
24	alertas	0003_canales_plantillas	2026-06-24 09:03:43.391051-05
25	clientes	0002_remove_cliente_telefono_alternativo	2026-06-24 09:03:43.398629-05
26	cotizaciones	0001_initial	2026-06-24 09:03:43.925-05
27	cotizaciones	0002_initial	2026-06-24 09:03:43.999099-05
28	ordenes	0002_initial	2026-06-24 09:03:44.228692-05
30	inventario	0001_initial	2026-06-24 09:03:44.825199-05
31	mantenimiento	0001_initial	2026-06-24 09:03:44.990967-05
32	mantenimiento	0002_initial	2026-06-24 09:03:45.024902-05
33	mantenimiento	0003_initial	2026-06-24 09:03:45.328824-05
34	servicios	0001_initial	2026-06-24 09:03:45.376187-05
35	ordenes	0003_servicio_precio_remove_evidencia	2026-06-24 09:03:45.452763-05
36	sessions	0001_initial	2026-06-24 09:03:45.490398-05
37	usuarios	0002_remove_usuario_foto_perfil	2026-06-24 09:03:45.515111-05
38	usuarios	0003_alter_usuario_rol	2026-06-24 09:03:45.536831-05
39	vehiculos	0002_remove_vehiculo_foto_restringir_tipos	2026-06-24 09:03:45.600771-05
40	ordenes	0004_detalleordentrabajo_ordentrabajo_and_more	2026-06-28 13:25:26.796414-05
41	alertas	0004_alter_alerta_canal_alter_alerta_leida_and_more	2026-06-28 13:25:26.849429-05
42	alertas	0005_alter_alerta_orden_alter_alerta_tipo_and_more	2026-06-28 13:25:26.97216-05
43	cotizaciones	0003_alter_cotizacion_options_and_more	2026-06-28 13:25:27.078495-05
44	cotizaciones	0004_alter_cotizacion_orden_generada_and_more	2026-06-28 13:25:27.176888-05
47	inventario	0002_alter_categoriarepuesto_options_and_more	2026-06-28 13:25:27.334793-05
48	inventario	0003_movimientoinventario_orden_trabajo_and_more	2026-06-28 13:25:27.448277-05
49	mantenimiento	0004_alter_historialmantenimiento_descripcion	2026-06-28 13:25:27.494-05
50	mantenimiento	0005_alter_historialmantenimiento_orden_and_more	2026-06-28 13:25:27.718045-05
51	ordenes	0005_delete_ordenservicio_ordentrabajo_cliente_and_more	2026-06-28 13:25:28.026078-05
52	cotizaciones	0005_cotizacion_fecha_envio_alter_cotizacion_estado	2026-06-28 13:34:26.708143-05
53	servicios	0002_alter_servicio_options_servicio_categoria_and_more	2026-06-28 13:35:28.159986-05
54	cotizaciones	0006_cotizacion_aplica_iva_detallecotizacion_servicio	2026-06-28 14:36:25.344754-05
55	ordenes	0006_detalleordentrabajo_servicio_and_more	2026-06-28 14:36:25.476883-05
56	alertas	0006_registro_recordatorio_mantenimiento	2026-06-28 15:35:05.351754-05
57	ordenes	0007_detalleordentrabajo_repuesto_inventario	2026-07-06 07:54:31.611142-05
58	servicios	0003_serviciorepuesto	2026-07-06 07:54:31.718843-05
59	roles	0001_initial	2026-07-11 01:24:31.611295-05
60	roles	0002_datos_roles_base	2026-07-11 01:24:31.771048-05
61	usuarios	0004_rol_fk	2026-07-11 01:25:22.748445-05
\.


--
-- Data for Name: django_session; Type: TABLE DATA; Schema: public; Owner: -
--

COPY public.django_session (session_key, session_data, expire_date) FROM stdin;
jdnzpc6mm1wbcbwlqeva22zchac818js	.eJxVjEEOwiAQRe_C2pCWFgZcuvcMZJgZpGpoUtqV8e7apAvd_vfef6mI21ri1mSJE6uz6tXpd0tID6k74DvW26xprusyJb0r-qBNX2eW5-Vw_w4KtvKtPRqfx2wcoICQZS9iLMs4-GB6Jgc-BQi-Y4cJMhOTsLUGBjbQIaj3B_wSOIU:1wcOFj:OTrxf6LCrAunxmzmi2QTPFJKmleQMMKCcE86qQEvxvU	2026-07-08 09:06:55.405534-05
u6oarw3b8bwkmf7xp6c32uu8v8openf3	.eJxVjEEOwiAQRe_C2pCWFgZcuvcMZJgZpGpoUtqV8e7apAvd_vfef6mI21ri1mSJE6uz6tXpd0tID6k74DvW26xprusyJb0r-qBNX2eW5-Vw_w4KtvKtPRqfx2wcoICQZS9iLMs4-GB6Jgc-BQi-Y4cJMhOTsLUGBjbQIaj3B_wSOIU:1wducP:uNtJAK4Vf7zu8iTHOiQ4Zcyzkv22OUa8PMkcF89nHf0	2026-07-12 13:52:37.103777-05
l97guq7js0ff9ucnsqo7bhtryjv0m8vk	.eJxVjEEOwiAQRe_C2pCWFgZcuvcMZJgZpGpoUtqV8e7apAvd_vfef6mI21ri1mSJE6uz6tXpd0tID6k74DvW26xprusyJb0r-qBNX2eW5-Vw_w4KtvKtPRqfx2wcoICQZS9iLMs4-GB6Jgc-BQi-Y4cJMhOTsLUGBjbQIaj3B_wSOIU:1wiRLu:mGC5FeRHgmSibkiKJMc0akxYxFqwb3ptpKwm97aWlAs	2026-07-25 01:38:18.873492-05
\.


--
-- Data for Name: inventario_categoriarepuesto; Type: TABLE DATA; Schema: public; Owner: -
--

COPY public.inventario_categoriarepuesto (id, nombre, descripcion, activo, fecha_creacion) FROM stdin;
\.


--
-- Data for Name: inventario_movimientoinventario; Type: TABLE DATA; Schema: public; Owner: -
--

COPY public.inventario_movimientoinventario (id, tipo, cantidad, stock_anterior, stock_nuevo, motivo, fecha_movimiento, realizado_por_id, repuesto_id, orden_trabajo_id) FROM stdin;
\.


--
-- Data for Name: inventario_repuesto; Type: TABLE DATA; Schema: public; Owner: -
--

COPY public.inventario_repuesto (id, codigo, nombre, descripcion, marca, modelo, stock_actual, stock_minimo, stock_maximo, precio_compra, precio_venta, ubicacion, activo, fecha_creacion, fecha_actualizacion, categoria_id) FROM stdin;
\.


--
-- Data for Name: mantenimiento_historialmantenimiento; Type: TABLE DATA; Schema: public; Owner: -
--

COPY public.mantenimiento_historialmantenimiento (id, descripcion, km_al_servicio, proximo_km_sugerido, proxima_fecha_sugerida, costo, fecha_servicio, observaciones, fecha_registro, orden_id, tecnico_id, tipo_servicio_id, vehiculo_id) FROM stdin;
1	Alineacion y balanceo realizado segun mantenimiento programado	80000	85000	\N	45.00	2026-06-08		2026-06-28 13:30:39.066125-05	\N	2	6	8
2	Alineacion y balanceo realizado segun mantenimiento programado	115000	120000	\N	45.00	2026-05-14		2026-06-28 13:30:39.070486-05	\N	2	6	4
3	Cambio de correa de accesorios realizado segun mantenimiento programado	40000	60000	\N	80.00	2026-05-29		2026-06-28 13:30:39.071764-05	\N	2	14	13
4	Cambio de aceite y filtro realizado segun mantenimiento programado	70000	85000	\N	25.00	2026-03-30		2026-06-28 13:30:39.073765-05	\N	2	1	8
5	Alineacion y balanceo realizado segun mantenimiento programado	65000	70000	\N	50.00	2026-06-13		2026-06-28 13:30:39.075133-05	\N	2	6	14
6	Cambio de pastillas de freno realizado segun mantenimiento programado	25000	55000	\N	40.00	2026-04-29		2026-06-28 13:30:39.076287-05	\N	2	5	5
7	Revision de bateria realizado segun mantenimiento programado	90000	120000	\N	180.00	2026-06-18		2026-06-28 13:30:39.077614-05	\N	2	8	10
8	Alineacion y balanceo realizado segun mantenimiento programado	50000	55000	\N	45.00	2026-06-03		2026-06-28 13:30:39.078605-05	\N	2	6	1
9	Cambio de correa de accesorios realizado segun mantenimiento programado	55000	60000	\N	80.00	2026-05-24		2026-06-28 13:30:39.079559-05	\N	2	14	11
10	Alineacion y balanceo realizado segun mantenimiento programado	15000	20000	\N	45.00	2026-06-23		2026-06-28 13:30:39.08046-05	\N	2	6	6
11	Cambio de aceite y filtro realizado segun mantenimiento programado	45000	60000	\N	25.00	2026-02-28		2026-06-28 13:30:39.081384-05	\N	2	1	12
12	Cambio de pastillas de freno realizado segun mantenimiento programado	35000	40000	\N	40.00	2026-05-14		2026-06-28 13:30:39.082655-05	\N	2	5	9
13	Alineacion y balanceo realizado segun mantenimiento programado	100000	105000	\N	50.00	2026-06-13		2026-06-28 13:30:39.08364-05	\N	2	6	2
14	Revision de frenos realizado segun mantenimiento programado	65000	70000	\N	60.00	2026-05-29		2026-06-28 13:30:39.084572-05	\N	2	4	15
15	Revision de sistema de enfriamiento realizado segun mantenimiento programado	35000	40000	\N	45.00	2026-04-29		2026-06-28 13:30:39.0855-05	\N	2	11	7
\.


--
-- Data for Name: mantenimiento_programamantenimiento; Type: TABLE DATA; Schema: public; Owner: -
--

COPY public.mantenimiento_programamantenimiento (id, ultimo_km, ultima_fecha, proximo_km, proxima_fecha, intervalo_km, intervalo_dias, estado, observaciones, activo, fecha_creacion, fecha_actualizacion, tipo_servicio_id, vehiculo_id) FROM stdin;
1	80000	2026-06-08	90000	\N	10000	0	AL_DIA		t	2026-06-28 13:30:39.095031-05	2026-06-28 13:30:39.095043-05	6	8
2	115000	2026-05-14	125000	\N	10000	0	PROXIMO		t	2026-06-28 13:30:39.10076-05	2026-06-28 13:30:39.10077-05	6	4
3	40000	2026-05-29	100000	\N	60000	0	AL_DIA		t	2026-06-28 13:30:39.10282-05	2026-06-28 13:30:39.102827-05	14	13
4	65000	2026-06-13	75000	\N	10000	0	AL_DIA		t	2026-06-28 13:30:39.104903-05	2026-06-28 13:30:39.104913-05	6	14
5	20000	2025-05-24	25000	\N	5000	0	VENCIDO		t	2026-06-28 13:30:39.108924-05	2026-06-28 13:30:39.108938-05	1	5
6	90000	2026-06-18	95000	\N	5000	0	AL_DIA		t	2026-06-28 13:30:39.111311-05	2026-06-28 13:30:39.11132-05	8	10
7	50000	2026-03-20	60000	\N	10000	0	VENCIDO		t	2026-06-28 13:30:39.113147-05	2026-06-28 13:30:39.113157-05	6	1
8	55000	2026-05-24	115000	\N	60000	0	AL_DIA		t	2026-06-28 13:30:39.115806-05	2026-06-28 13:30:39.115815-05	14	11
9	15000	2026-06-23	25000	\N	10000	0	AL_DIA		t	2026-06-28 13:30:39.117873-05	2026-06-28 13:30:39.117882-05	6	6
10	45000	2026-02-28	50000	\N	5000	0	VENCIDO		t	2026-06-28 13:30:39.12033-05	2026-06-28 13:30:39.12034-05	1	12
11	35000	2026-05-14	65000	\N	30000	0	AL_DIA		t	2026-06-28 13:30:39.124131-05	2026-06-28 13:30:39.124141-05	5	9
12	100000	2026-06-13	110000	\N	10000	0	PROXIMO		t	2026-06-28 13:30:39.126529-05	2026-06-28 13:30:39.126541-05	6	2
13	65000	2026-05-29	85000	\N	20000	0	AL_DIA		t	2026-06-28 13:30:39.128562-05	2026-06-28 13:30:39.12857-05	4	15
14	35000	2026-04-29	55000	\N	20000	0	PROXIMO		t	2026-06-28 13:30:39.130943-05	2026-06-28 13:30:39.130958-05	11	7
15	125000	2026-04-09	135000	\N	10000	0	VENCIDO		t	2026-06-28 13:30:39.134126-05	2026-06-28 13:30:39.134136-05	6	3
\.


--
-- Data for Name: mantenimiento_tiposerviciomantenimiento; Type: TABLE DATA; Schema: public; Owner: -
--

COPY public.mantenimiento_tiposerviciomantenimiento (id, nombre, descripcion, intervalo_km_recomendado, intervalo_dias_recomendado, activo) FROM stdin;
1	Cambio de aceite y filtro		5000	90	t
2	Cambio de filtro de aire		15000	365	t
3	Cambio de filtro de combustible		20000	365	t
4	Revision de frenos		20000	180	t
5	Cambio de pastillas de freno		30000	0	t
6	Alineacion y balanceo		10000	180	t
7	Cambio de correa de distribucion		60000	0	t
8	Revision de bateria		0	180	t
9	Cambio de bujias		30000	365	t
10	Revision general (mantenimiento 30.000 km)		30000	365	t
11	Revision de sistema de enfriamiento		20000	365	t
12	Cambio de liquido de frenos		40000	730	t
13	Revision de suspension		30000	365	t
14	Cambio de correa de accesorios		60000	365	t
15	Revision de transmision		60000	365	t
\.


--
-- Data for Name: ordenes_detalleordentrabajo; Type: TABLE DATA; Schema: public; Owner: -
--

COPY public.ordenes_detalleordentrabajo (id, tipo, descripcion, cantidad, precio_unitario, orden_id, servicio_id, repuesto_inventario_id) FROM stdin;
1	SERVICIO	Cambio de aceite sintetico 5W30	1.00	25.00	1	\N	\N
2	REPUESTO	Filtro de aceite Toyota	1.00	15.00	1	\N	\N
3	REPUESTO	Aceite sintetico 5W30 (4 litros)	4.00	8.00	1	\N	\N
4	SERVICIO	Cambio pastillas freno delantero	1.00	50.00	2	\N	\N
5	REPUESTO	Pastillas freno Brembo delantera	1.00	65.00	2	\N	\N
6	SERVICIO	Rectificacion disco derecho	1.00	30.00	2	\N	\N
7	REPUESTO	Kit reparacion frenos	1.00	55.00	2	\N	\N
8	SERVICIO	Alineacion computarizada	1.00	20.00	3	\N	\N
9	SERVICIO	Balanceo 4 ruedas	1.00	15.00	3	\N	\N
10	SERVICIO	Diagnostico electrico completo	1.00	40.00	4	\N	\N
11	REPUESTO	Bateria N70 12V 70Ah	1.00	150.00	4	\N	\N
12	SERVICIO	Revision y prueba alternador	1.00	20.00	4	\N	\N
13	SERVICIO	Cambio liquido de transmision	1.00	45.00	5	\N	\N
14	REPUESTO	Liquido ATF Dexron VI (3 litros)	3.00	12.00	5	\N	\N
15	REPUESTO	Filtro transmision automatica	1.00	33.00	5	\N	\N
16	SERVICIO	Diagnostico motor OBD2	1.00	30.00	8	\N	\N
17	REPUESTO	Empaque de valvulas motor	1.00	45.00	8	\N	\N
18	SERVICIO	Sellado fuga aceite motor	1.00	60.00	8	\N	\N
19	SERVICIO	Inspeccion suspension completa	1.00	30.00	9	\N	\N
20	REPUESTO	Amortiguadores delanteros (par)	1.00	160.00	9	\N	\N
21	REPUESTO	Terminales direccion (par)	1.00	40.00	9	\N	\N
22	SERVICIO	Cambio correa distribucion	1.00	80.00	11	\N	\N
23	REPUESTO	Kit distribucion completo	1.00	75.00	11	\N	\N
24	SERVICIO	Revision bomba de agua	1.00	20.00	11	\N	\N
25	SERVICIO	Diagnostico sistema de enfriamiento	1.00	35.00	12	\N	\N
26	REPUESTO	Termostato original	1.00	45.00	12	\N	\N
27	REPUESTO	Kit reparacion radiador	1.00	60.00	12	\N	\N
28	SERVICIO	Cambio refrigerante completo	1.00	50.00	12	\N	\N
29	SERVICIO	Revision latoneria puerta	1.00	40.00	13	\N	\N
30	REPUESTO	Material de pintura	1.00	80.00	13	\N	\N
31	SERVICIO	Preparacion superficie	1.00	50.00	14	\N	\N
32	REPUESTO	Pintura original capo	1.00	120.00	14	\N	\N
33	REPUESTO	Pintura parachoques	1.00	80.00	14	\N	\N
34	SERVICIO	Desmontaje transmision	1.00	60.00	15	\N	\N
35	REPUESTO	Kit embrague completo	1.00	280.00	15	\N	\N
36	REPUESTO	Rodamiento piloto	1.00	45.00	15	\N	\N
37	SERVICIO	Montaje y ajuste	1.00	60.00	15	\N	\N
38	SERVICIO	Cambio de aceite de motor 10W-40	1.00	25.00	16	\N	\N
39	SERVICIO	Mano de obra - cambio filtros y limpieza	1.00	55.00	16	\N	\N
40	REPUESTO	Filtro de aceite Bosch	1.00	15.00	16	\N	\N
41	REPUESTO	Filtro de aire Mann	1.00	22.00	16	\N	\N
42	REPUESTO	Aceite de motor 10W-40 (4 litros)	4.00	14.50	16	\N	\N
43	SERVICIO	Limpieza y regulacion de frenos delanteros	1.00	35.00	16	\N	\N
\.


--
-- Data for Name: ordenes_ordentrabajo; Type: TABLE DATA; Schema: public; Owner: -
--

COPY public.ordenes_ordentrabajo (id, numero_orden, estado, prioridad, tipo_trabajo, kilometraje_ingreso, descripcion_problema, diagnostico, observaciones, fecha_ingreso, fecha_estimada_entrega, fecha_entrega_real, precio, costo_mano_obra, costo_repuestos, descuento, fecha_actualizacion, cliente_id, recepcionista_id, servicio_id, tecnico_asignado_id, vehiculo_id, autorizacion_cliente) FROM stdin;
1	OT-20260628-0001	ENTREGADA	MEDIA	MECANICA_GENERAL	59953	Cambio de aceite y revision general	Aceite desgastado, filtros en mal estado		2026-06-28 13:30:38.805021-05	2026-06-29	2026-06-14 13:30:38.797581-05	45.00	45.00	35.00	0.00	2026-06-28 13:30:38.805976-05	11	1	7	2	8	
2	OT-20260628-0002	ENTREGADA	ALTA	MECANICA_GENERAL	69742	Falla en el sistema de frenos, ruido al frenar	Pastillas de freno desgastadas al limite, disco rayado lado derecho		2026-06-28 13:30:38.836353-05	2026-07-03	2026-06-20 13:30:38.831435-05	80.00	80.00	120.00	0.00	2026-06-28 13:30:38.83639-05	5	4	6	3	4	
3	OT-20260628-0003	FINALIZADA	MEDIA	MANTENIMIENTO_PREVENTIVO	34589	Alineacion y balanceo, vibracion al manejar	Desbalance en rueda delantera derecha, eje levemente doblado		2026-06-28 13:30:38.848261-05	2026-06-30	\N	35.00	35.00	0.00	0.00	2026-06-28 13:30:38.84831-05	14	5	1	2	13	
4	OT-20260628-0004	EN_PROCESO	URGENTE	DIAGNOSTICO	64913	Motor no enciende, bateria descargada	Bateria sulfatada, alternador con falla intermitente		2026-06-28 13:30:38.857316-05	2026-07-03	\N	60.00	60.00	180.00	0.00	2026-06-28 13:30:38.857352-05	15	1	9	3	14	
5	OT-20260628-0005	EN_PROCESO	ALTA	MECANICA_GENERAL	29877	Revision transmision, cambios duros	Liquido de transmision contaminado, filtro obstruido		2026-06-28 13:30:38.866052-05	2026-07-01	\N	70.00	70.00	45.00	0.00	2026-06-28 13:30:38.866089-05	9	4	4	2	5	
6	OT-20260628-0006	RECIBIDA	MEDIA	DIAGNOSTICO	87978	Aire acondicionado no enfria correctamente	Pendiente diagnostico del sistema de refrigeracion		2026-06-28 13:30:38.875738-05	2026-07-02	\N	0.00	0.00	0.00	0.00	2026-06-28 13:30:38.87579-05	1	5	11	3	10	
7	OT-20260628-0007	RECIBIDA	BAJA	MECANICA_GENERAL	84790	Revision de luces delanteras, faro quemado	Pendiente inspeccion del cableado y reemplazo de bombillas		2026-06-28 13:30:38.880562-05	2026-06-29	\N	0.00	0.00	0.00	0.00	2026-06-28 13:30:38.880597-05	10	1	16	2	1	
8	OT-20260628-0008	EN_PROCESO	ALTA	MECANICA_GENERAL	39707	Chequeo motor, testigo de aceite encendido	Fuga leve en empaque de valvulas, nivel bajo de aceite		2026-06-28 13:30:38.884813-05	2026-07-02	\N	90.00	90.00	55.00	0.00	2026-06-28 13:30:38.884901-05	2	4	2	3	11	
9	OT-20260628-0009	FINALIZADA	MEDIA	MANTENIMIENTO_PREVENTIVO	94504	Revision completa pre-venta del vehiculo	Suspension delantera con holgura, amortiguadores al limite		2026-06-28 13:30:38.893114-05	2026-07-01	\N	50.00	50.00	200.00	0.00	2026-06-28 13:30:38.893161-05	13	5	5	2	6	
10	OT-20260628-0010	RECIBIDA	MEDIA	MANTENIMIENTO_PREVENTIVO	109840	Revision 30.000 km programada	Mantenimiento preventivo completo programado		2026-06-28 13:30:38.899709-05	2026-07-03	\N	0.00	0.00	0.00	0.00	2026-06-28 13:30:38.899741-05	3	1	17	3	12	
11	OT-20260628-0011	ENTREGADA	ALTA	MECANICA_GENERAL	17797	Correa de distribucion, ruido en motor frio	Correa de distribucion con desgaste, tensores flojos		2026-06-28 13:30:38.902809-05	2026-07-02	2026-06-10 13:30:38.900635-05	120.00	120.00	95.00	0.00	2026-06-28 13:30:38.902842-05	12	4	19	2	9	
12	OT-20260628-0012	EN_PROCESO	URGENTE	DIAGNOSTICO	119621	Recalentamiento del motor, temperatura alta	Termostato danado, radiador con fuga pequena		2026-06-28 13:30:38.909685-05	2026-07-03	\N	85.00	85.00	140.00	0.00	2026-06-28 13:30:38.909719-05	7	5	3	3	2	
13	OT-20260628-0013	COTIZADA	MEDIA	COLISION_ENDEREZADA	129618	Revision latoneria puerta delantera	Golpe leve en puerta, requiere pintura		2026-06-28 13:30:38.916303-05	2026-06-30	\N	0.00	0.00	0.00	0.00	2026-06-28 13:30:38.916334-05	8	1	20	2	15	
14	OT-20260628-0014	APROBADA	ALTA	PINTURA	54537	Pintura completa capo y parachoques	Rayaduras profundas, oxidacion en capo		2026-06-28 13:30:38.920659-05	2026-06-30	\N	150.00	150.00	200.00	0.00	2026-06-28 13:30:38.920688-05	6	4	8	3	7	
15	OT-20260628-0015	ESPERANDO_REPUESTOS	URGENTE	MECANICA_GENERAL	44502	Cambio kit de embrague	Embrague patinando, requiere repuestos importados		2026-06-28 13:30:38.927907-05	2026-07-01	\N	120.00	120.00	350.00	0.00	2026-06-28 13:30:38.927941-05	4	5	14	2	3	
16	OT-20260628-0016	FINALIZADA	MEDIA	MANTENIMIENTO_PREVENTIVO	45320	Mantenimiento preventivo programado	Vehiculo en buen estado. Se realizan servicios preventivos.	Datos de prueba generados automaticamente.	2026-04-04 15:37:11.3291-05	2026-04-04	2026-04-04 15:37:11.3291-05	0.00	80.00	95.00	0.00	2026-06-28 15:37:11.359098-05	16	1	\N	\N	16	
\.


--
-- Data for Name: roles_accion; Type: TABLE DATA; Schema: public; Owner: -
--

COPY public.roles_accion (id, codigo, nombre, descripcion, modulo_id) FROM stdin;
1	ver	Ver dashboard		1
2	ver_financiero	Ver KPIs financieros		1
3	ver	Ver		2
4	crear	Crear		2
5	editar	Editar		2
6	eliminar	Eliminar		2
7	exportar	Exportar Excel		2
8	ver	Ver		3
9	crear	Crear		3
10	editar	Editar		3
11	eliminar	Eliminar		3
12	ver	Ver		4
13	crear	Crear		4
14	editar	Editar		4
15	eliminar	Eliminar/Cancelar		4
16	cambiar_estado	Cambiar estado		4
17	agregar_servicio	Agregar servicio		4
18	agregar_repuesto	Agregar repuesto		4
19	imprimir_pdf	Imprimir PDF		4
20	ver	Ver		5
21	crear	Crear		5
22	editar	Editar		5
23	eliminar	Eliminar		5
24	aprobar	Aprobar		5
25	generar_pdf	Generar PDF		5
26	convertir_orden	Convertir a orden		5
27	ver	Ver		6
28	crear	Crear		6
29	editar	Editar		6
30	eliminar	Eliminar		6
31	configurar_repuestos	Configurar repuestos sugeridos		6
32	ver	Ver		7
33	crear	Crear producto		7
34	editar	Editar producto		7
35	eliminar	Eliminar producto		7
36	ajustar_stock	Ajustar stock		7
37	ver	Ver		8
38	crear	Crear programa		8
39	editar	Editar programa		8
40	eliminar	Eliminar		8
41	registrar_historial	Registrar historial		8
42	ver	Ver		9
43	crear	Crear registro		9
44	editar	Editar		9
45	eliminar	Eliminar		9
46	configurar	Configurar		9
47	enviar	Reenviar recordatorio		9
48	ver	Ver reportes		10
49	exportar_clientes	Exportar clientes		10
50	exportar_vehiculos	Exportar vehículos		10
51	exportar_ordenes	Exportar órdenes		10
52	exportar_inventario	Exportar inventario		10
53	ver_productividad	Ver productividad		10
54	ver	Ver		11
55	crear	Crear		11
56	editar	Editar		11
57	eliminar	Eliminar		11
58	cambiar_password	Restablecer contraseña		11
59	ver	Ver		12
60	crear	Crear		12
61	editar	Editar		12
62	eliminar	Eliminar		12
63	duplicar	Duplicar		12
\.


--
-- Data for Name: roles_modulo; Type: TABLE DATA; Schema: public; Owner: -
--

COPY public.roles_modulo (id, codigo, nombre, icono, url_name, orden, activo) FROM stdin;
1	dashboard	Dashboard	fas fa-tachometer-alt	dashboard:index	1	t
2	clientes	Clientes	fas fa-users	clientes:lista	2	t
3	vehiculos	Vehículos	fas fa-car	vehiculos:lista	3	t
4	ordenes	Órdenes de Trabajo	fas fa-clipboard-list	ordenes:lista	4	t
5	cotizaciones	Cotizaciones	fas fa-file-invoice-dollar	cotizaciones:lista	5	t
6	servicios	Servicios	fas fa-screwdriver-wrench	servicios:lista	6	t
7	inventario	Inventario	fas fa-boxes	inventario:index	7	t
8	mantenimiento	Mantenimiento	fas fa-tools	mantenimiento:lista	8	t
9	alertas	Alertas	fas fa-bell	alertas:lista	9	t
10	reportes	Reportes	fas fa-chart-bar	reportes:index	10	t
11	usuarios	Usuarios	fas fa-user-cog	usuarios:lista	11	t
12	roles	Roles y Permisos	fas fa-shield-halved	roles:lista	12	t
\.


--
-- Data for Name: roles_rol; Type: TABLE DATA; Schema: public; Owner: -
--

COPY public.roles_rol (id, codigo, nombre, descripcion, activo, es_sistema, creado_en) FROM stdin;
1	ADMIN	Administrador	Acceso total al sistema.	t	t	2026-07-11 01:24:31.690104-05
2	GERENTE	Gerente	Visión gerencial: lectura total, exportaciones y aprobaciones.	t	t	2026-07-11 01:24:31.737925-05
3	RECEPCIONISTA	Recepcionista	Operación de mostrador: clientes, vehículos, órdenes y cotizaciones.	t	t	2026-07-11 01:24:31.749376-05
4	MECANICO	Mecánico	Ejecución técnica: órdenes asignadas y mantenimiento.	t	t	2026-07-11 01:24:31.764988-05
\.


--
-- Data for Name: roles_rol_acciones; Type: TABLE DATA; Schema: public; Owner: -
--

COPY public.roles_rol_acciones (id, rol_id, accion_id) FROM stdin;
1	1	1
2	1	2
3	1	3
4	1	4
5	1	5
6	1	6
7	1	7
8	1	8
9	1	9
10	1	10
11	1	11
12	1	12
13	1	13
14	1	14
15	1	15
16	1	16
17	1	17
18	1	18
19	1	19
20	1	20
21	1	21
22	1	22
23	1	23
24	1	24
25	1	25
26	1	26
27	1	27
28	1	28
29	1	29
30	1	30
31	1	31
32	1	32
33	1	33
34	1	34
35	1	35
36	1	36
37	1	37
38	1	38
39	1	39
40	1	40
41	1	41
42	1	42
43	1	43
44	1	44
45	1	45
46	1	46
47	1	47
48	1	48
49	1	49
50	1	50
51	1	51
52	1	52
53	1	53
54	1	54
55	1	55
56	1	56
57	1	57
58	1	58
59	1	59
60	1	60
61	1	61
62	1	62
63	1	63
64	2	1
65	2	2
66	2	3
67	2	7
68	2	8
69	2	12
70	2	19
71	2	20
72	2	24
73	2	25
74	2	27
75	2	32
76	2	37
77	2	42
78	2	48
79	2	49
80	2	50
81	2	51
82	2	52
83	2	53
84	3	1
85	3	3
86	3	4
87	3	5
88	3	8
89	3	9
90	3	10
91	3	12
92	3	13
93	3	14
94	3	15
95	3	19
96	3	20
97	3	21
98	3	22
99	3	24
100	3	25
101	3	26
102	3	27
103	3	32
104	3	37
105	3	38
106	3	39
107	3	42
108	3	43
109	3	47
110	3	48
111	4	1
112	4	12
113	4	16
114	4	17
115	4	18
116	4	27
117	4	32
118	4	37
119	4	41
\.


--
-- Data for Name: servicios_servicio; Type: TABLE DATA; Schema: public; Owner: -
--

COPY public.servicios_servicio (id, nombre, descripcion, estado, fecha_creacion, fecha_actualizacion, categoria) FROM stdin;
1	Cambio de aceite	Cambio de aceite de motor y revision de niveles.	t	2026-06-28 13:30:38.636733-05	2026-06-28 13:30:38.636747-05	MECANICA_GENERAL
2	Cambio de filtros	Cambio de filtro de aire, aceite o combustible segun necesidad.	t	2026-06-28 13:30:38.643697-05	2026-06-28 13:30:38.643719-05	MECANICA_GENERAL
3	Diagnostico electronico	Escaneo OBD2 y diagnostico de codigos de falla.	t	2026-06-28 13:30:38.646524-05	2026-06-28 13:30:38.646539-05	MECANICA_GENERAL
4	Cambio de bateria	Prueba, desmontaje e instalacion de bateria.	t	2026-06-28 13:30:38.64944-05	2026-06-28 13:30:38.649453-05	MECANICA_GENERAL
5	Cambio de frenos	Revision y cambio de pastillas, zapatas o componentes de freno.	t	2026-06-28 13:30:38.652262-05	2026-06-28 13:30:38.652275-05	MECANICA_GENERAL
6	Balanceo	Balanceo de ruedas para reducir vibraciones.	t	2026-06-28 13:30:38.654668-05	2026-06-28 13:30:38.654681-05	MECANICA_GENERAL
7	Alineacion	Alineacion computarizada de direccion.	t	2026-06-28 13:30:38.658127-05	2026-06-28 13:30:38.658142-05	MECANICA_GENERAL
8	Limpieza de inyectores	Limpieza preventiva o correctiva de inyectores.	t	2026-06-28 13:30:38.661277-05	2026-06-28 13:30:38.661294-05	MECANICA_GENERAL
9	Cambio de amortiguadores	Cambio de amortiguadores delanteros o posteriores.	t	2026-06-28 13:30:38.664227-05	2026-06-28 13:30:38.664245-05	MECANICA_GENERAL
10	Revision de suspension	Inspeccion de amortiguadores, terminales y bujes.	t	2026-06-28 13:30:38.666714-05	2026-06-28 13:30:38.666727-05	MECANICA_GENERAL
11	Cambio de bujias	Cambio de bujias y revision de encendido.	t	2026-06-28 13:30:38.668916-05	2026-06-28 13:30:38.668928-05	MECANICA_GENERAL
12	Revision electrica	Diagnostico de luces, alternador, arranque y cableado.	t	2026-06-28 13:30:38.67129-05	2026-06-28 13:30:38.671304-05	MECANICA_GENERAL
13	Mantenimiento preventivo	Servicio preventivo programado por kilometraje o tiempo.	t	2026-06-28 13:30:38.674334-05	2026-06-28 13:30:38.674357-05	MECANICA_GENERAL
14	Mantenimiento correctivo	Correccion de fallas mecanicas identificadas.	t	2026-06-28 13:30:38.678333-05	2026-06-28 13:30:38.678349-05	MECANICA_GENERAL
15	Revision de aire acondicionado	Diagnostico de enfriamiento, fugas y carga de gas.	t	2026-06-28 13:30:38.681266-05	2026-06-28 13:30:38.681283-05	MECANICA_GENERAL
16	Cambio de correa de distribucion	Cambio de correa, tensores y revision asociada.	t	2026-06-28 13:30:38.684111-05	2026-06-28 13:30:38.684128-05	MECANICA_GENERAL
17	Cambio de liquido de transmision	Drenaje y reposicion de fluido de transmision.	t	2026-06-28 13:30:38.686669-05	2026-06-28 13:30:38.686683-05	MECANICA_GENERAL
18	Revision de motor	Inspeccion de funcionamiento, fugas y rendimiento.	t	2026-06-28 13:30:38.690582-05	2026-06-28 13:30:38.690599-05	MECANICA_GENERAL
19	Cambio de refrigerante	Cambio de refrigerante y purga del sistema.	t	2026-06-28 13:30:38.693636-05	2026-06-28 13:30:38.693648-05	MECANICA_GENERAL
20	Inspeccion precompra	Revision general del vehiculo antes de compra.	t	2026-06-28 13:30:38.696358-05	2026-06-28 13:30:38.696371-05	MECANICA_GENERAL
\.


--
-- Data for Name: servicios_serviciorepuesto; Type: TABLE DATA; Schema: public; Owner: -
--

COPY public.servicios_serviciorepuesto (id, cantidad_sugerida, opcional, nota, repuesto_id, servicio_id) FROM stdin;
\.


--
-- Data for Name: usuarios_usuario; Type: TABLE DATA; Schema: public; Owner: -
--

COPY public.usuarios_usuario (id, password, last_login, is_superuser, username, first_name, last_name, email, is_staff, is_active, date_joined, telefono, cedula, especialidad, activo, rol_id) FROM stdin;
4	pbkdf2_sha256$600000$rgXHBApsJTQNLVKlMOJ0hJ$CpRNIDUngZj6OzsMu1l/kEzAvnqZIt8bbZntFZFdyMw=	\N	f	recep1	Maria	Guzman	maria@tallermecanico.com	f	t	2026-06-28 13:30:37.597089-05	0991234003			t	3
2	pbkdf2_sha256$600000$VuS0KIBjG86u8hCqkiqMcj$IR2Ece3QAZTQOSZyrWoGDbNrX6cojUlo1cTWy/GwhYY=	\N	f	mecanico1	Carlos	Mendoza	carlos@tallermecanico.com	f	t	2026-06-28 13:30:36.61774-05	0991234001		Motor y transmision	t	4
3	pbkdf2_sha256$600000$gADt36RdiTQSvXYP8e7Zy1$oLbde2e+es+Ted3HV3OIlbj5JV8Ufgyhrd7wgClrTms=	\N	f	mecanico2	Luis	Paredes	luis@tallermecanico.com	f	t	2026-06-28 13:30:37.133358-05	0991234002		Frenos y suspension	t	4
5	pbkdf2_sha256$600000$4LEGu9CE42tO1ow90MUWWg$3xKXWZq961cDiv16jjlu28xZN41nxfu67246M8kKbds=	\N	f	recep2	Sofia	Torres	sofia@tallermecanico.com	f	t	2026-06-28 13:30:38.040747-05	0991234004			t	3
6	pbkdf2_sha256$600000$3CKkRnBtXzQWGduOwrQar6$m6mk6FLf7XspA3Hy4VgNEi6BPy+1+Pa8vwdQRVvPLBQ=	2026-07-11 01:37:41.267634-05	f	Juan.valen	Samuel	Valencia	samuelvalencia780@gmail.com	f	t	2026-07-11 00:56:24.23609-05	0988794071	0919098046		t	2
1	pbkdf2_sha256$600000$6u9fTRQHDqsygti3dcNXak$aiwTPIVDtlkF6poV53RGWeN6Lo4vOo94rbvnNHYVO6E=	2026-07-11 01:38:18.839183-05	t	admin			dennys.valenciam@ug.edu.ec	t	t	2026-06-24 09:06:25.858535-05				t	1
\.


--
-- Data for Name: usuarios_usuario_groups; Type: TABLE DATA; Schema: public; Owner: -
--

COPY public.usuarios_usuario_groups (id, usuario_id, group_id) FROM stdin;
\.


--
-- Data for Name: usuarios_usuario_user_permissions; Type: TABLE DATA; Schema: public; Owner: -
--

COPY public.usuarios_usuario_user_permissions (id, usuario_id, permission_id) FROM stdin;
\.


--
-- Data for Name: vehiculos_vehiculo; Type: TABLE DATA; Schema: public; Owner: -
--

COPY public.vehiculos_vehiculo (id, placa, marca, modelo, anio, color, tipo_vehiculo, tipo_combustible, numero_vin, numero_motor, kilometraje_actual, cilindraje, transmision, observaciones, fecha_registro, fecha_actualizacion, activo, cliente_id) FROM stdin;
1	GUZ-1234	Toyota	Corolla	2018	Blanco	AUTOMOVIL	GASOLINA			85000				2026-06-28 13:30:38.574776-05	2026-06-28 13:30:38.574789-05	t	10
2	GUZ-5678	Chevrolet	Aveo	2016	Rojo	AUTOMOVIL	GASOLINA			120000				2026-06-28 13:30:38.585401-05	2026-06-28 13:30:38.58542-05	t	7
3	GUZ-9012	Hyundai	Tucson	2020	Gris	SUV	GASOLINA			45000				2026-06-28 13:30:38.587906-05	2026-06-28 13:30:38.587917-05	t	4
4	GBA-3456	Nissan	Frontier	2019	Negro	CAMIONETA	DIESEL			70000				2026-06-28 13:30:38.590199-05	2026-06-28 13:30:38.590219-05	t	5
5	GBA-7890	Kia	Sportage	2021	Azul	SUV	GASOLINA			30000				2026-06-28 13:30:38.593184-05	2026-06-28 13:30:38.593197-05	t	9
6	GUZ-2345	Mazda	CX-5	2017	Plateado	SUV	GASOLINA			95000				2026-06-28 13:30:38.595812-05	2026-06-28 13:30:38.595824-05	t	13
7	GUZ-6789	Ford	Ranger	2020	Blanco	CAMIONETA	DIESEL			55000				2026-06-28 13:30:38.597997-05	2026-06-28 13:30:38.598008-05	t	6
8	GBA-0123	Volkswagen	Jetta	2019	Negro	AUTOMOVIL	GASOLINA			60000				2026-06-28 13:30:38.599794-05	2026-06-28 13:30:38.599803-05	t	11
9	GUZ-4567	Honda	CR-V	2022	Blanco Perla	SUV	GASOLINA			18000				2026-06-28 13:30:38.601953-05	2026-06-28 13:30:38.601968-05	t	12
10	GBA-8901	Mitsubishi	L200	2018	Gris	CAMIONETA	DIESEL			88000				2026-06-28 13:30:38.603881-05	2026-06-28 13:30:38.603892-05	t	1
11	GUZ-1357	Toyota	Hilux	2021	Blanco	CAMIONETA	DIESEL			40000				2026-06-28 13:30:38.609129-05	2026-06-28 13:30:38.60916-05	t	2
12	GUZ-2468	Chevrolet	D-MAX	2017	Negro	CAMIONETA	DIESEL			110000				2026-06-28 13:30:38.614405-05	2026-06-28 13:30:38.61443-05	t	3
13	GBA-3579	Suzuki	Vitara	2020	Rojo	SUV	GASOLINA			35000				2026-06-28 13:30:38.618023-05	2026-06-28 13:30:38.618042-05	t	14
14	GBA-4680	Renault	Duster	2019	Azul	SUV	GASOLINA			65000				2026-06-28 13:30:38.620761-05	2026-06-28 13:30:38.620773-05	t	15
15	GUZ-5791	Hyundai	Santa Fe	2016	Gris Oscuro	SUV	GASOLINA			130000				2026-06-28 13:30:38.622857-05	2026-06-28 13:30:38.622869-05	t	8
16	ABC-1234	Chevrolet	Aveo Emotion	2022	Blanco	AUTOMOVIL	GASOLINA	9BWZZZ377VT004251	F16D3-C123456	45320	1.6	MANUAL	Vehiculo de prueba	2026-06-28 15:37:11.32346-05	2026-06-28 15:37:11.323475-05	t	16
17	GTE6561	Toyota	4x4	2024	Rojo	CAMIONETA	DIESEL	10085514524156152	0256164511	20001	160cc	MANUAL		2026-07-06 06:52:33.933546-05	2026-07-06 06:52:33.933565-05	t	17
18	GTE6567	Toyota	chevrolet	1990	Rojo	AUTOMOVIL	GASOLINA			0				2026-07-11 01:40:56.058017-05	2026-07-11 01:40:56.058031-05	t	19
\.


--
-- Name: alertas_alerta_id_seq; Type: SEQUENCE SET; Schema: public; Owner: -
--

SELECT pg_catalog.setval('public.alertas_alerta_id_seq', 15, true);


--
-- Name: alertas_configuracionrecordatorio_id_seq; Type: SEQUENCE SET; Schema: public; Owner: -
--

SELECT pg_catalog.setval('public.alertas_configuracionrecordatorio_id_seq', 1, false);


--
-- Name: alertas_plantillamensaje_id_seq; Type: SEQUENCE SET; Schema: public; Owner: -
--

SELECT pg_catalog.setval('public.alertas_plantillamensaje_id_seq', 1, false);


--
-- Name: alertas_recordatoriomantenimiento_id_seq; Type: SEQUENCE SET; Schema: public; Owner: -
--

SELECT pg_catalog.setval('public.alertas_recordatoriomantenimiento_id_seq', 6, true);


--
-- Name: alertas_registromantenimiento_id_seq; Type: SEQUENCE SET; Schema: public; Owner: -
--

SELECT pg_catalog.setval('public.alertas_registromantenimiento_id_seq', 1, true);


--
-- Name: auth_group_id_seq; Type: SEQUENCE SET; Schema: public; Owner: -
--

SELECT pg_catalog.setval('public.auth_group_id_seq', 1, false);


--
-- Name: auth_group_permissions_id_seq; Type: SEQUENCE SET; Schema: public; Owner: -
--

SELECT pg_catalog.setval('public.auth_group_permissions_id_seq', 1, false);


--
-- Name: auth_permission_id_seq; Type: SEQUENCE SET; Schema: public; Owner: -
--

SELECT pg_catalog.setval('public.auth_permission_id_seq', 124, true);


--
-- Name: clientes_cliente_id_seq; Type: SEQUENCE SET; Schema: public; Owner: -
--

SELECT pg_catalog.setval('public.clientes_cliente_id_seq', 19, true);


--
-- Name: cotizaciones_cotizacion_id_seq; Type: SEQUENCE SET; Schema: public; Owner: -
--

SELECT pg_catalog.setval('public.cotizaciones_cotizacion_id_seq', 16, true);


--
-- Name: cotizaciones_detallecotizacion_id_seq; Type: SEQUENCE SET; Schema: public; Owner: -
--

SELECT pg_catalog.setval('public.cotizaciones_detallecotizacion_id_seq', 36, true);


--
-- Name: django_admin_log_id_seq; Type: SEQUENCE SET; Schema: public; Owner: -
--

SELECT pg_catalog.setval('public.django_admin_log_id_seq', 1, false);


--
-- Name: django_content_type_id_seq; Type: SEQUENCE SET; Schema: public; Owner: -
--

SELECT pg_catalog.setval('public.django_content_type_id_seq', 31, true);


--
-- Name: django_migrations_id_seq; Type: SEQUENCE SET; Schema: public; Owner: -
--

SELECT pg_catalog.setval('public.django_migrations_id_seq', 61, true);


--
-- Name: inventario_categoriarepuesto_id_seq; Type: SEQUENCE SET; Schema: public; Owner: -
--

SELECT pg_catalog.setval('public.inventario_categoriarepuesto_id_seq', 1, false);


--
-- Name: inventario_movimientoinventario_id_seq; Type: SEQUENCE SET; Schema: public; Owner: -
--

SELECT pg_catalog.setval('public.inventario_movimientoinventario_id_seq', 1, false);


--
-- Name: inventario_repuesto_id_seq; Type: SEQUENCE SET; Schema: public; Owner: -
--

SELECT pg_catalog.setval('public.inventario_repuesto_id_seq', 1, false);


--
-- Name: mantenimiento_historialmantenimiento_id_seq; Type: SEQUENCE SET; Schema: public; Owner: -
--

SELECT pg_catalog.setval('public.mantenimiento_historialmantenimiento_id_seq', 15, true);


--
-- Name: mantenimiento_programamantenimiento_id_seq; Type: SEQUENCE SET; Schema: public; Owner: -
--

SELECT pg_catalog.setval('public.mantenimiento_programamantenimiento_id_seq', 15, true);


--
-- Name: mantenimiento_tiposerviciomantenimiento_id_seq; Type: SEQUENCE SET; Schema: public; Owner: -
--

SELECT pg_catalog.setval('public.mantenimiento_tiposerviciomantenimiento_id_seq', 15, true);


--
-- Name: ordenes_detalleordentrabajo_id_seq; Type: SEQUENCE SET; Schema: public; Owner: -
--

SELECT pg_catalog.setval('public.ordenes_detalleordentrabajo_id_seq', 43, true);


--
-- Name: ordenes_ordentrabajo_id_seq; Type: SEQUENCE SET; Schema: public; Owner: -
--

SELECT pg_catalog.setval('public.ordenes_ordentrabajo_id_seq', 16, true);


--
-- Name: roles_accion_id_seq; Type: SEQUENCE SET; Schema: public; Owner: -
--

SELECT pg_catalog.setval('public.roles_accion_id_seq', 63, true);


--
-- Name: roles_modulo_id_seq; Type: SEQUENCE SET; Schema: public; Owner: -
--

SELECT pg_catalog.setval('public.roles_modulo_id_seq', 12, true);


--
-- Name: roles_rol_acciones_id_seq; Type: SEQUENCE SET; Schema: public; Owner: -
--

SELECT pg_catalog.setval('public.roles_rol_acciones_id_seq', 119, true);


--
-- Name: roles_rol_id_seq; Type: SEQUENCE SET; Schema: public; Owner: -
--

SELECT pg_catalog.setval('public.roles_rol_id_seq', 4, true);


--
-- Name: servicios_servicio_id_seq; Type: SEQUENCE SET; Schema: public; Owner: -
--

SELECT pg_catalog.setval('public.servicios_servicio_id_seq', 20, true);


--
-- Name: servicios_serviciorepuesto_id_seq; Type: SEQUENCE SET; Schema: public; Owner: -
--

SELECT pg_catalog.setval('public.servicios_serviciorepuesto_id_seq', 1, false);


--
-- Name: usuarios_usuario_groups_id_seq; Type: SEQUENCE SET; Schema: public; Owner: -
--

SELECT pg_catalog.setval('public.usuarios_usuario_groups_id_seq', 1, false);


--
-- Name: usuarios_usuario_id_seq; Type: SEQUENCE SET; Schema: public; Owner: -
--

SELECT pg_catalog.setval('public.usuarios_usuario_id_seq', 6, true);


--
-- Name: usuarios_usuario_user_permissions_id_seq; Type: SEQUENCE SET; Schema: public; Owner: -
--

SELECT pg_catalog.setval('public.usuarios_usuario_user_permissions_id_seq', 1, false);


--
-- Name: vehiculos_vehiculo_id_seq; Type: SEQUENCE SET; Schema: public; Owner: -
--

SELECT pg_catalog.setval('public.vehiculos_vehiculo_id_seq', 18, true);


--
-- Name: alertas_alerta alertas_alerta_pkey; Type: CONSTRAINT; Schema: public; Owner: -
--

ALTER TABLE ONLY public.alertas_alerta
    ADD CONSTRAINT alertas_alerta_pkey PRIMARY KEY (id);


--
-- Name: alertas_configuracionrecordatorio alertas_configuracionrecordatorio_pkey; Type: CONSTRAINT; Schema: public; Owner: -
--

ALTER TABLE ONLY public.alertas_configuracionrecordatorio
    ADD CONSTRAINT alertas_configuracionrecordatorio_pkey PRIMARY KEY (id);


--
-- Name: alertas_plantillamensaje alertas_plantillamensaje_nombre_key; Type: CONSTRAINT; Schema: public; Owner: -
--

ALTER TABLE ONLY public.alertas_plantillamensaje
    ADD CONSTRAINT alertas_plantillamensaje_nombre_key UNIQUE (nombre);


--
-- Name: alertas_plantillamensaje alertas_plantillamensaje_pkey; Type: CONSTRAINT; Schema: public; Owner: -
--

ALTER TABLE ONLY public.alertas_plantillamensaje
    ADD CONSTRAINT alertas_plantillamensaje_pkey PRIMARY KEY (id);


--
-- Name: alertas_recordatoriomantenimiento alertas_recordatoriomantenimiento_pkey; Type: CONSTRAINT; Schema: public; Owner: -
--

ALTER TABLE ONLY public.alertas_recordatoriomantenimiento
    ADD CONSTRAINT alertas_recordatoriomantenimiento_pkey PRIMARY KEY (id);


--
-- Name: alertas_registromantenimiento alertas_registromantenimiento_orden_id_key; Type: CONSTRAINT; Schema: public; Owner: -
--

ALTER TABLE ONLY public.alertas_registromantenimiento
    ADD CONSTRAINT alertas_registromantenimiento_orden_id_key UNIQUE (orden_id);


--
-- Name: alertas_registromantenimiento alertas_registromantenimiento_pkey; Type: CONSTRAINT; Schema: public; Owner: -
--

ALTER TABLE ONLY public.alertas_registromantenimiento
    ADD CONSTRAINT alertas_registromantenimiento_pkey PRIMARY KEY (id);


--
-- Name: auth_group auth_group_name_key; Type: CONSTRAINT; Schema: public; Owner: -
--

ALTER TABLE ONLY public.auth_group
    ADD CONSTRAINT auth_group_name_key UNIQUE (name);


--
-- Name: auth_group_permissions auth_group_permissions_group_id_permission_id_0cd325b0_uniq; Type: CONSTRAINT; Schema: public; Owner: -
--

ALTER TABLE ONLY public.auth_group_permissions
    ADD CONSTRAINT auth_group_permissions_group_id_permission_id_0cd325b0_uniq UNIQUE (group_id, permission_id);


--
-- Name: auth_group_permissions auth_group_permissions_pkey; Type: CONSTRAINT; Schema: public; Owner: -
--

ALTER TABLE ONLY public.auth_group_permissions
    ADD CONSTRAINT auth_group_permissions_pkey PRIMARY KEY (id);


--
-- Name: auth_group auth_group_pkey; Type: CONSTRAINT; Schema: public; Owner: -
--

ALTER TABLE ONLY public.auth_group
    ADD CONSTRAINT auth_group_pkey PRIMARY KEY (id);


--
-- Name: auth_permission auth_permission_content_type_id_codename_01ab375a_uniq; Type: CONSTRAINT; Schema: public; Owner: -
--

ALTER TABLE ONLY public.auth_permission
    ADD CONSTRAINT auth_permission_content_type_id_codename_01ab375a_uniq UNIQUE (content_type_id, codename);


--
-- Name: auth_permission auth_permission_pkey; Type: CONSTRAINT; Schema: public; Owner: -
--

ALTER TABLE ONLY public.auth_permission
    ADD CONSTRAINT auth_permission_pkey PRIMARY KEY (id);


--
-- Name: clientes_cliente clientes_cliente_numero_documento_key; Type: CONSTRAINT; Schema: public; Owner: -
--

ALTER TABLE ONLY public.clientes_cliente
    ADD CONSTRAINT clientes_cliente_numero_documento_key UNIQUE (numero_documento);


--
-- Name: clientes_cliente clientes_cliente_pkey; Type: CONSTRAINT; Schema: public; Owner: -
--

ALTER TABLE ONLY public.clientes_cliente
    ADD CONSTRAINT clientes_cliente_pkey PRIMARY KEY (id);


--
-- Name: cotizaciones_cotizacion cotizaciones_cotizacion_numero_cotizacion_key; Type: CONSTRAINT; Schema: public; Owner: -
--

ALTER TABLE ONLY public.cotizaciones_cotizacion
    ADD CONSTRAINT cotizaciones_cotizacion_numero_cotizacion_key UNIQUE (numero_cotizacion);


--
-- Name: cotizaciones_cotizacion cotizaciones_cotizacion_orden_generada_id_key; Type: CONSTRAINT; Schema: public; Owner: -
--

ALTER TABLE ONLY public.cotizaciones_cotizacion
    ADD CONSTRAINT cotizaciones_cotizacion_orden_generada_id_key UNIQUE (orden_generada_id);


--
-- Name: cotizaciones_cotizacion cotizaciones_cotizacion_pkey; Type: CONSTRAINT; Schema: public; Owner: -
--

ALTER TABLE ONLY public.cotizaciones_cotizacion
    ADD CONSTRAINT cotizaciones_cotizacion_pkey PRIMARY KEY (id);


--
-- Name: cotizaciones_detallecotizacion cotizaciones_detallecotizacion_pkey; Type: CONSTRAINT; Schema: public; Owner: -
--

ALTER TABLE ONLY public.cotizaciones_detallecotizacion
    ADD CONSTRAINT cotizaciones_detallecotizacion_pkey PRIMARY KEY (id);


--
-- Name: django_admin_log django_admin_log_pkey; Type: CONSTRAINT; Schema: public; Owner: -
--

ALTER TABLE ONLY public.django_admin_log
    ADD CONSTRAINT django_admin_log_pkey PRIMARY KEY (id);


--
-- Name: django_content_type django_content_type_app_label_model_76bd3d3b_uniq; Type: CONSTRAINT; Schema: public; Owner: -
--

ALTER TABLE ONLY public.django_content_type
    ADD CONSTRAINT django_content_type_app_label_model_76bd3d3b_uniq UNIQUE (app_label, model);


--
-- Name: django_content_type django_content_type_pkey; Type: CONSTRAINT; Schema: public; Owner: -
--

ALTER TABLE ONLY public.django_content_type
    ADD CONSTRAINT django_content_type_pkey PRIMARY KEY (id);


--
-- Name: django_migrations django_migrations_pkey; Type: CONSTRAINT; Schema: public; Owner: -
--

ALTER TABLE ONLY public.django_migrations
    ADD CONSTRAINT django_migrations_pkey PRIMARY KEY (id);


--
-- Name: django_session django_session_pkey; Type: CONSTRAINT; Schema: public; Owner: -
--

ALTER TABLE ONLY public.django_session
    ADD CONSTRAINT django_session_pkey PRIMARY KEY (session_key);


--
-- Name: inventario_categoriarepuesto inventario_categoriarepuesto_nombre_key; Type: CONSTRAINT; Schema: public; Owner: -
--

ALTER TABLE ONLY public.inventario_categoriarepuesto
    ADD CONSTRAINT inventario_categoriarepuesto_nombre_key UNIQUE (nombre);


--
-- Name: inventario_categoriarepuesto inventario_categoriarepuesto_pkey; Type: CONSTRAINT; Schema: public; Owner: -
--

ALTER TABLE ONLY public.inventario_categoriarepuesto
    ADD CONSTRAINT inventario_categoriarepuesto_pkey PRIMARY KEY (id);


--
-- Name: inventario_movimientoinventario inventario_movimientoinventario_pkey; Type: CONSTRAINT; Schema: public; Owner: -
--

ALTER TABLE ONLY public.inventario_movimientoinventario
    ADD CONSTRAINT inventario_movimientoinventario_pkey PRIMARY KEY (id);


--
-- Name: inventario_repuesto inventario_repuesto_codigo_key; Type: CONSTRAINT; Schema: public; Owner: -
--

ALTER TABLE ONLY public.inventario_repuesto
    ADD CONSTRAINT inventario_repuesto_codigo_key UNIQUE (codigo);


--
-- Name: inventario_repuesto inventario_repuesto_pkey; Type: CONSTRAINT; Schema: public; Owner: -
--

ALTER TABLE ONLY public.inventario_repuesto
    ADD CONSTRAINT inventario_repuesto_pkey PRIMARY KEY (id);


--
-- Name: mantenimiento_historialmantenimiento mantenimiento_historialmantenimiento_pkey; Type: CONSTRAINT; Schema: public; Owner: -
--

ALTER TABLE ONLY public.mantenimiento_historialmantenimiento
    ADD CONSTRAINT mantenimiento_historialmantenimiento_pkey PRIMARY KEY (id);


--
-- Name: mantenimiento_programamantenimiento mantenimiento_programama_vehiculo_id_tipo_servici_684b6863_uniq; Type: CONSTRAINT; Schema: public; Owner: -
--

ALTER TABLE ONLY public.mantenimiento_programamantenimiento
    ADD CONSTRAINT mantenimiento_programama_vehiculo_id_tipo_servici_684b6863_uniq UNIQUE (vehiculo_id, tipo_servicio_id);


--
-- Name: mantenimiento_programamantenimiento mantenimiento_programamantenimiento_pkey; Type: CONSTRAINT; Schema: public; Owner: -
--

ALTER TABLE ONLY public.mantenimiento_programamantenimiento
    ADD CONSTRAINT mantenimiento_programamantenimiento_pkey PRIMARY KEY (id);


--
-- Name: mantenimiento_tiposerviciomantenimiento mantenimiento_tiposerviciomantenimiento_nombre_key; Type: CONSTRAINT; Schema: public; Owner: -
--

ALTER TABLE ONLY public.mantenimiento_tiposerviciomantenimiento
    ADD CONSTRAINT mantenimiento_tiposerviciomantenimiento_nombre_key UNIQUE (nombre);


--
-- Name: mantenimiento_tiposerviciomantenimiento mantenimiento_tiposerviciomantenimiento_pkey; Type: CONSTRAINT; Schema: public; Owner: -
--

ALTER TABLE ONLY public.mantenimiento_tiposerviciomantenimiento
    ADD CONSTRAINT mantenimiento_tiposerviciomantenimiento_pkey PRIMARY KEY (id);


--
-- Name: ordenes_detalleordentrabajo ordenes_detalleordentrabajo_pkey; Type: CONSTRAINT; Schema: public; Owner: -
--

ALTER TABLE ONLY public.ordenes_detalleordentrabajo
    ADD CONSTRAINT ordenes_detalleordentrabajo_pkey PRIMARY KEY (id);


--
-- Name: ordenes_ordentrabajo ordenes_ordentrabajo_numero_orden_key; Type: CONSTRAINT; Schema: public; Owner: -
--

ALTER TABLE ONLY public.ordenes_ordentrabajo
    ADD CONSTRAINT ordenes_ordentrabajo_numero_orden_key UNIQUE (numero_orden);


--
-- Name: ordenes_ordentrabajo ordenes_ordentrabajo_pkey; Type: CONSTRAINT; Schema: public; Owner: -
--

ALTER TABLE ONLY public.ordenes_ordentrabajo
    ADD CONSTRAINT ordenes_ordentrabajo_pkey PRIMARY KEY (id);


--
-- Name: roles_accion roles_accion_modulo_id_codigo_c0f372cb_uniq; Type: CONSTRAINT; Schema: public; Owner: -
--

ALTER TABLE ONLY public.roles_accion
    ADD CONSTRAINT roles_accion_modulo_id_codigo_c0f372cb_uniq UNIQUE (modulo_id, codigo);


--
-- Name: roles_accion roles_accion_pkey; Type: CONSTRAINT; Schema: public; Owner: -
--

ALTER TABLE ONLY public.roles_accion
    ADD CONSTRAINT roles_accion_pkey PRIMARY KEY (id);


--
-- Name: roles_modulo roles_modulo_codigo_key; Type: CONSTRAINT; Schema: public; Owner: -
--

ALTER TABLE ONLY public.roles_modulo
    ADD CONSTRAINT roles_modulo_codigo_key UNIQUE (codigo);


--
-- Name: roles_modulo roles_modulo_pkey; Type: CONSTRAINT; Schema: public; Owner: -
--

ALTER TABLE ONLY public.roles_modulo
    ADD CONSTRAINT roles_modulo_pkey PRIMARY KEY (id);


--
-- Name: roles_rol_acciones roles_rol_acciones_pkey; Type: CONSTRAINT; Schema: public; Owner: -
--

ALTER TABLE ONLY public.roles_rol_acciones
    ADD CONSTRAINT roles_rol_acciones_pkey PRIMARY KEY (id);


--
-- Name: roles_rol_acciones roles_rol_acciones_rol_id_accion_id_6bab4a4a_uniq; Type: CONSTRAINT; Schema: public; Owner: -
--

ALTER TABLE ONLY public.roles_rol_acciones
    ADD CONSTRAINT roles_rol_acciones_rol_id_accion_id_6bab4a4a_uniq UNIQUE (rol_id, accion_id);


--
-- Name: roles_rol roles_rol_codigo_key; Type: CONSTRAINT; Schema: public; Owner: -
--

ALTER TABLE ONLY public.roles_rol
    ADD CONSTRAINT roles_rol_codigo_key UNIQUE (codigo);


--
-- Name: roles_rol roles_rol_pkey; Type: CONSTRAINT; Schema: public; Owner: -
--

ALTER TABLE ONLY public.roles_rol
    ADD CONSTRAINT roles_rol_pkey PRIMARY KEY (id);


--
-- Name: servicios_servicio servicios_servicio_nombre_key; Type: CONSTRAINT; Schema: public; Owner: -
--

ALTER TABLE ONLY public.servicios_servicio
    ADD CONSTRAINT servicios_servicio_nombre_key UNIQUE (nombre);


--
-- Name: servicios_servicio servicios_servicio_pkey; Type: CONSTRAINT; Schema: public; Owner: -
--

ALTER TABLE ONLY public.servicios_servicio
    ADD CONSTRAINT servicios_servicio_pkey PRIMARY KEY (id);


--
-- Name: servicios_serviciorepuesto servicios_serviciorepues_servicio_id_repuesto_id_d609c5d8_uniq; Type: CONSTRAINT; Schema: public; Owner: -
--

ALTER TABLE ONLY public.servicios_serviciorepuesto
    ADD CONSTRAINT servicios_serviciorepues_servicio_id_repuesto_id_d609c5d8_uniq UNIQUE (servicio_id, repuesto_id);


--
-- Name: servicios_serviciorepuesto servicios_serviciorepuesto_pkey; Type: CONSTRAINT; Schema: public; Owner: -
--

ALTER TABLE ONLY public.servicios_serviciorepuesto
    ADD CONSTRAINT servicios_serviciorepuesto_pkey PRIMARY KEY (id);


--
-- Name: usuarios_usuario_groups usuarios_usuario_groups_pkey; Type: CONSTRAINT; Schema: public; Owner: -
--

ALTER TABLE ONLY public.usuarios_usuario_groups
    ADD CONSTRAINT usuarios_usuario_groups_pkey PRIMARY KEY (id);


--
-- Name: usuarios_usuario_groups usuarios_usuario_groups_usuario_id_group_id_4ed5b09e_uniq; Type: CONSTRAINT; Schema: public; Owner: -
--

ALTER TABLE ONLY public.usuarios_usuario_groups
    ADD CONSTRAINT usuarios_usuario_groups_usuario_id_group_id_4ed5b09e_uniq UNIQUE (usuario_id, group_id);


--
-- Name: usuarios_usuario usuarios_usuario_pkey; Type: CONSTRAINT; Schema: public; Owner: -
--

ALTER TABLE ONLY public.usuarios_usuario
    ADD CONSTRAINT usuarios_usuario_pkey PRIMARY KEY (id);


--
-- Name: usuarios_usuario_user_permissions usuarios_usuario_user_pe_usuario_id_permission_id_217cadcd_uniq; Type: CONSTRAINT; Schema: public; Owner: -
--

ALTER TABLE ONLY public.usuarios_usuario_user_permissions
    ADD CONSTRAINT usuarios_usuario_user_pe_usuario_id_permission_id_217cadcd_uniq UNIQUE (usuario_id, permission_id);


--
-- Name: usuarios_usuario_user_permissions usuarios_usuario_user_permissions_pkey; Type: CONSTRAINT; Schema: public; Owner: -
--

ALTER TABLE ONLY public.usuarios_usuario_user_permissions
    ADD CONSTRAINT usuarios_usuario_user_permissions_pkey PRIMARY KEY (id);


--
-- Name: usuarios_usuario usuarios_usuario_username_key; Type: CONSTRAINT; Schema: public; Owner: -
--

ALTER TABLE ONLY public.usuarios_usuario
    ADD CONSTRAINT usuarios_usuario_username_key UNIQUE (username);


--
-- Name: vehiculos_vehiculo vehiculos_vehiculo_pkey; Type: CONSTRAINT; Schema: public; Owner: -
--

ALTER TABLE ONLY public.vehiculos_vehiculo
    ADD CONSTRAINT vehiculos_vehiculo_pkey PRIMARY KEY (id);


--
-- Name: vehiculos_vehiculo vehiculos_vehiculo_placa_key; Type: CONSTRAINT; Schema: public; Owner: -
--

ALTER TABLE ONLY public.vehiculos_vehiculo
    ADD CONSTRAINT vehiculos_vehiculo_placa_key UNIQUE (placa);


--
-- Name: alertas_ale_canal_44d1a1_idx; Type: INDEX; Schema: public; Owner: -
--

CREATE INDEX alertas_ale_canal_44d1a1_idx ON public.alertas_alerta USING btree (canal, programada_para);


--
-- Name: alertas_ale_destina_3a6c71_idx; Type: INDEX; Schema: public; Owner: -
--

CREATE INDEX alertas_ale_destina_3a6c71_idx ON public.alertas_alerta USING btree (destinatario_id);


--
-- Name: alertas_ale_leida_0161b6_idx; Type: INDEX; Schema: public; Owner: -
--

CREATE INDEX alertas_ale_leida_0161b6_idx ON public.alertas_alerta USING btree (leida, activa);


--
-- Name: alertas_ale_tipo_04d22d_idx; Type: INDEX; Schema: public; Owner: -
--

CREATE INDEX alertas_ale_tipo_04d22d_idx ON public.alertas_alerta USING btree (tipo);


--
-- Name: alertas_alerta_destinatario_id_c0ec4d34; Type: INDEX; Schema: public; Owner: -
--

CREATE INDEX alertas_alerta_destinatario_id_c0ec4d34 ON public.alertas_alerta USING btree (destinatario_id);


--
-- Name: alertas_alerta_orden_id_7d4192b7; Type: INDEX; Schema: public; Owner: -
--

CREATE INDEX alertas_alerta_orden_id_7d4192b7 ON public.alertas_alerta USING btree (orden_id);


--
-- Name: alertas_alerta_vehiculo_id_b250e04a; Type: INDEX; Schema: public; Owner: -
--

CREATE INDEX alertas_alerta_vehiculo_id_b250e04a ON public.alertas_alerta USING btree (vehiculo_id);


--
-- Name: alertas_plantillamensaje_nombre_70a888b3_like; Type: INDEX; Schema: public; Owner: -
--

CREATE INDEX alertas_plantillamensaje_nombre_70a888b3_like ON public.alertas_plantillamensaje USING btree (nombre varchar_pattern_ops);


--
-- Name: alertas_rec_estado_224932_idx; Type: INDEX; Schema: public; Owner: -
--

CREATE INDEX alertas_rec_estado_224932_idx ON public.alertas_recordatoriomantenimiento USING btree (estado);


--
-- Name: alertas_rec_fecha_p_dddb34_idx; Type: INDEX; Schema: public; Owner: -
--

CREATE INDEX alertas_rec_fecha_p_dddb34_idx ON public.alertas_recordatoriomantenimiento USING btree (fecha_programada);


--
-- Name: alertas_rec_registr_3df680_idx; Type: INDEX; Schema: public; Owner: -
--

CREATE INDEX alertas_rec_registr_3df680_idx ON public.alertas_recordatoriomantenimiento USING btree (registro_id);


--
-- Name: alertas_recordatoriomantenimiento_registro_id_7393b33a; Type: INDEX; Schema: public; Owner: -
--

CREATE INDEX alertas_recordatoriomantenimiento_registro_id_7393b33a ON public.alertas_recordatoriomantenimiento USING btree (registro_id);


--
-- Name: alertas_reg_activo_d28916_idx; Type: INDEX; Schema: public; Owner: -
--

CREATE INDEX alertas_reg_activo_d28916_idx ON public.alertas_registromantenimiento USING btree (activo);


--
-- Name: alertas_reg_cliente_6725ec_idx; Type: INDEX; Schema: public; Owner: -
--

CREATE INDEX alertas_reg_cliente_6725ec_idx ON public.alertas_registromantenimiento USING btree (cliente_id);


--
-- Name: alertas_reg_fecha_p_45cf90_idx; Type: INDEX; Schema: public; Owner: -
--

CREATE INDEX alertas_reg_fecha_p_45cf90_idx ON public.alertas_registromantenimiento USING btree (fecha_proximo_mantenimiento);


--
-- Name: alertas_reg_vehicul_24f386_idx; Type: INDEX; Schema: public; Owner: -
--

CREATE INDEX alertas_reg_vehicul_24f386_idx ON public.alertas_registromantenimiento USING btree (vehiculo_id);


--
-- Name: alertas_registromantenimiento_cliente_id_7aaf445d; Type: INDEX; Schema: public; Owner: -
--

CREATE INDEX alertas_registromantenimiento_cliente_id_7aaf445d ON public.alertas_registromantenimiento USING btree (cliente_id);


--
-- Name: alertas_registromantenimiento_vehiculo_id_a541e963; Type: INDEX; Schema: public; Owner: -
--

CREATE INDEX alertas_registromantenimiento_vehiculo_id_a541e963 ON public.alertas_registromantenimiento USING btree (vehiculo_id);


--
-- Name: auth_group_name_a6ea08ec_like; Type: INDEX; Schema: public; Owner: -
--

CREATE INDEX auth_group_name_a6ea08ec_like ON public.auth_group USING btree (name varchar_pattern_ops);


--
-- Name: auth_group_permissions_group_id_b120cbf9; Type: INDEX; Schema: public; Owner: -
--

CREATE INDEX auth_group_permissions_group_id_b120cbf9 ON public.auth_group_permissions USING btree (group_id);


--
-- Name: auth_group_permissions_permission_id_84c5c92e; Type: INDEX; Schema: public; Owner: -
--

CREATE INDEX auth_group_permissions_permission_id_84c5c92e ON public.auth_group_permissions USING btree (permission_id);


--
-- Name: auth_permission_content_type_id_2f476e4b; Type: INDEX; Schema: public; Owner: -
--

CREATE INDEX auth_permission_content_type_id_2f476e4b ON public.auth_permission USING btree (content_type_id);


--
-- Name: clientes_cl_apellid_ee7b54_idx; Type: INDEX; Schema: public; Owner: -
--

CREATE INDEX clientes_cl_apellid_ee7b54_idx ON public.clientes_cliente USING btree (apellidos, nombres);


--
-- Name: clientes_cl_numero__868cb7_idx; Type: INDEX; Schema: public; Owner: -
--

CREATE INDEX clientes_cl_numero__868cb7_idx ON public.clientes_cliente USING btree (numero_documento);


--
-- Name: clientes_cliente_numero_documento_54291be6_like; Type: INDEX; Schema: public; Owner: -
--

CREATE INDEX clientes_cliente_numero_documento_54291be6_like ON public.clientes_cliente USING btree (numero_documento varchar_pattern_ops);


--
-- Name: cotizaciones_cotizacion_cliente_id_c6e3d6c6; Type: INDEX; Schema: public; Owner: -
--

CREATE INDEX cotizaciones_cotizacion_cliente_id_c6e3d6c6 ON public.cotizaciones_cotizacion USING btree (cliente_id);


--
-- Name: cotizaciones_cotizacion_elaborado_por_id_ab96d7db; Type: INDEX; Schema: public; Owner: -
--

CREATE INDEX cotizaciones_cotizacion_elaborado_por_id_ab96d7db ON public.cotizaciones_cotizacion USING btree (elaborado_por_id);


--
-- Name: cotizaciones_cotizacion_numero_cotizacion_3b37cf1e_like; Type: INDEX; Schema: public; Owner: -
--

CREATE INDEX cotizaciones_cotizacion_numero_cotizacion_3b37cf1e_like ON public.cotizaciones_cotizacion USING btree (numero_cotizacion varchar_pattern_ops);


--
-- Name: cotizaciones_cotizacion_vehiculo_id_b2d87ec4; Type: INDEX; Schema: public; Owner: -
--

CREATE INDEX cotizaciones_cotizacion_vehiculo_id_b2d87ec4 ON public.cotizaciones_cotizacion USING btree (vehiculo_id);


--
-- Name: cotizaciones_detallecotizacion_cotizacion_id_f5669320; Type: INDEX; Schema: public; Owner: -
--

CREATE INDEX cotizaciones_detallecotizacion_cotizacion_id_f5669320 ON public.cotizaciones_detallecotizacion USING btree (cotizacion_id);


--
-- Name: cotizaciones_detallecotizacion_servicio_id_a64aa2fb; Type: INDEX; Schema: public; Owner: -
--

CREATE INDEX cotizaciones_detallecotizacion_servicio_id_a64aa2fb ON public.cotizaciones_detallecotizacion USING btree (servicio_id);


--
-- Name: django_admin_log_content_type_id_c4bce8eb; Type: INDEX; Schema: public; Owner: -
--

CREATE INDEX django_admin_log_content_type_id_c4bce8eb ON public.django_admin_log USING btree (content_type_id);


--
-- Name: django_admin_log_user_id_c564eba6; Type: INDEX; Schema: public; Owner: -
--

CREATE INDEX django_admin_log_user_id_c564eba6 ON public.django_admin_log USING btree (user_id);


--
-- Name: django_session_expire_date_a5c62663; Type: INDEX; Schema: public; Owner: -
--

CREATE INDEX django_session_expire_date_a5c62663 ON public.django_session USING btree (expire_date);


--
-- Name: django_session_session_key_c0390e0f_like; Type: INDEX; Schema: public; Owner: -
--

CREATE INDEX django_session_session_key_c0390e0f_like ON public.django_session USING btree (session_key varchar_pattern_ops);


--
-- Name: inventario__activo_87df55_idx; Type: INDEX; Schema: public; Owner: -
--

CREATE INDEX inventario__activo_87df55_idx ON public.inventario_repuesto USING btree (activo);


--
-- Name: inventario__categor_4bdbe4_idx; Type: INDEX; Schema: public; Owner: -
--

CREATE INDEX inventario__categor_4bdbe4_idx ON public.inventario_repuesto USING btree (categoria_id);


--
-- Name: inventario__codigo_74f284_idx; Type: INDEX; Schema: public; Owner: -
--

CREATE INDEX inventario__codigo_74f284_idx ON public.inventario_repuesto USING btree (codigo);


--
-- Name: inventario__fecha_m_ff429d_idx; Type: INDEX; Schema: public; Owner: -
--

CREATE INDEX inventario__fecha_m_ff429d_idx ON public.inventario_movimientoinventario USING btree (fecha_movimiento);


--
-- Name: inventario__repuest_45d908_idx; Type: INDEX; Schema: public; Owner: -
--

CREATE INDEX inventario__repuest_45d908_idx ON public.inventario_movimientoinventario USING btree (repuesto_id);


--
-- Name: inventario__tipo_b85d84_idx; Type: INDEX; Schema: public; Owner: -
--

CREATE INDEX inventario__tipo_b85d84_idx ON public.inventario_movimientoinventario USING btree (tipo);


--
-- Name: inventario_categoriarepuesto_nombre_cc9024d4_like; Type: INDEX; Schema: public; Owner: -
--

CREATE INDEX inventario_categoriarepuesto_nombre_cc9024d4_like ON public.inventario_categoriarepuesto USING btree (nombre varchar_pattern_ops);


--
-- Name: inventario_movimientoinventario_orden_trabajo_id_3dcc3cc6; Type: INDEX; Schema: public; Owner: -
--

CREATE INDEX inventario_movimientoinventario_orden_trabajo_id_3dcc3cc6 ON public.inventario_movimientoinventario USING btree (orden_trabajo_id);


--
-- Name: inventario_movimientoinventario_realizado_por_id_fd4c5803; Type: INDEX; Schema: public; Owner: -
--

CREATE INDEX inventario_movimientoinventario_realizado_por_id_fd4c5803 ON public.inventario_movimientoinventario USING btree (realizado_por_id);


--
-- Name: inventario_movimientoinventario_repuesto_id_d7b98c9a; Type: INDEX; Schema: public; Owner: -
--

CREATE INDEX inventario_movimientoinventario_repuesto_id_d7b98c9a ON public.inventario_movimientoinventario USING btree (repuesto_id);


--
-- Name: inventario_repuesto_categoria_id_b1e7ffda; Type: INDEX; Schema: public; Owner: -
--

CREATE INDEX inventario_repuesto_categoria_id_b1e7ffda ON public.inventario_repuesto USING btree (categoria_id);


--
-- Name: inventario_repuesto_codigo_cbaf82dc_like; Type: INDEX; Schema: public; Owner: -
--

CREATE INDEX inventario_repuesto_codigo_cbaf82dc_like ON public.inventario_repuesto USING btree (codigo varchar_pattern_ops);


--
-- Name: mantenimien_fecha_s_b911d3_idx; Type: INDEX; Schema: public; Owner: -
--

CREATE INDEX mantenimien_fecha_s_b911d3_idx ON public.mantenimiento_historialmantenimiento USING btree (fecha_servicio);


--
-- Name: mantenimien_vehicul_4586e8_idx; Type: INDEX; Schema: public; Owner: -
--

CREATE INDEX mantenimien_vehicul_4586e8_idx ON public.mantenimiento_historialmantenimiento USING btree (vehiculo_id);


--
-- Name: mantenimiento_historialmantenimiento_orden_id_ce5998f5; Type: INDEX; Schema: public; Owner: -
--

CREATE INDEX mantenimiento_historialmantenimiento_orden_id_ce5998f5 ON public.mantenimiento_historialmantenimiento USING btree (orden_id);


--
-- Name: mantenimiento_historialmantenimiento_tecnico_id_f7241a3f; Type: INDEX; Schema: public; Owner: -
--

CREATE INDEX mantenimiento_historialmantenimiento_tecnico_id_f7241a3f ON public.mantenimiento_historialmantenimiento USING btree (tecnico_id);


--
-- Name: mantenimiento_historialmantenimiento_tipo_servicio_id_8da5de61; Type: INDEX; Schema: public; Owner: -
--

CREATE INDEX mantenimiento_historialmantenimiento_tipo_servicio_id_8da5de61 ON public.mantenimiento_historialmantenimiento USING btree (tipo_servicio_id);


--
-- Name: mantenimiento_historialmantenimiento_vehiculo_id_08c7849d; Type: INDEX; Schema: public; Owner: -
--

CREATE INDEX mantenimiento_historialmantenimiento_vehiculo_id_08c7849d ON public.mantenimiento_historialmantenimiento USING btree (vehiculo_id);


--
-- Name: mantenimiento_programamantenimiento_tipo_servicio_id_e6ca4c89; Type: INDEX; Schema: public; Owner: -
--

CREATE INDEX mantenimiento_programamantenimiento_tipo_servicio_id_e6ca4c89 ON public.mantenimiento_programamantenimiento USING btree (tipo_servicio_id);


--
-- Name: mantenimiento_programamantenimiento_vehiculo_id_64f0c7a7; Type: INDEX; Schema: public; Owner: -
--

CREATE INDEX mantenimiento_programamantenimiento_vehiculo_id_64f0c7a7 ON public.mantenimiento_programamantenimiento USING btree (vehiculo_id);


--
-- Name: mantenimiento_tiposerviciomantenimiento_nombre_1f504d7a_like; Type: INDEX; Schema: public; Owner: -
--

CREATE INDEX mantenimiento_tiposerviciomantenimiento_nombre_1f504d7a_like ON public.mantenimiento_tiposerviciomantenimiento USING btree (nombre varchar_pattern_ops);


--
-- Name: ordenes_detalleordentrabajo_orden_id_1da501a7; Type: INDEX; Schema: public; Owner: -
--

CREATE INDEX ordenes_detalleordentrabajo_orden_id_1da501a7 ON public.ordenes_detalleordentrabajo USING btree (orden_id);


--
-- Name: ordenes_detalleordentrabajo_repuesto_inventario_id_ce652510; Type: INDEX; Schema: public; Owner: -
--

CREATE INDEX ordenes_detalleordentrabajo_repuesto_inventario_id_ce652510 ON public.ordenes_detalleordentrabajo USING btree (repuesto_inventario_id);


--
-- Name: ordenes_detalleordentrabajo_servicio_id_2294cb30; Type: INDEX; Schema: public; Owner: -
--

CREATE INDEX ordenes_detalleordentrabajo_servicio_id_2294cb30 ON public.ordenes_detalleordentrabajo USING btree (servicio_id);


--
-- Name: ordenes_ord_cliente_67c6a4_idx; Type: INDEX; Schema: public; Owner: -
--

CREATE INDEX ordenes_ord_cliente_67c6a4_idx ON public.ordenes_ordentrabajo USING btree (cliente_id);


--
-- Name: ordenes_ord_estado_89e5f9_idx; Type: INDEX; Schema: public; Owner: -
--

CREATE INDEX ordenes_ord_estado_89e5f9_idx ON public.ordenes_ordentrabajo USING btree (estado);


--
-- Name: ordenes_ord_fecha_i_3de37d_idx; Type: INDEX; Schema: public; Owner: -
--

CREATE INDEX ordenes_ord_fecha_i_3de37d_idx ON public.ordenes_ordentrabajo USING btree (fecha_ingreso);


--
-- Name: ordenes_ord_numero__e0412a_idx; Type: INDEX; Schema: public; Owner: -
--

CREATE INDEX ordenes_ord_numero__e0412a_idx ON public.ordenes_ordentrabajo USING btree (numero_orden);


--
-- Name: ordenes_ord_vehicul_3846d1_idx; Type: INDEX; Schema: public; Owner: -
--

CREATE INDEX ordenes_ord_vehicul_3846d1_idx ON public.ordenes_ordentrabajo USING btree (vehiculo_id);


--
-- Name: ordenes_ordentrabajo_cliente_id_f1b87d0e; Type: INDEX; Schema: public; Owner: -
--

CREATE INDEX ordenes_ordentrabajo_cliente_id_f1b87d0e ON public.ordenes_ordentrabajo USING btree (cliente_id);


--
-- Name: ordenes_ordentrabajo_numero_orden_d2b6536c_like; Type: INDEX; Schema: public; Owner: -
--

CREATE INDEX ordenes_ordentrabajo_numero_orden_d2b6536c_like ON public.ordenes_ordentrabajo USING btree (numero_orden varchar_pattern_ops);


--
-- Name: ordenes_ordentrabajo_recepcionista_id_51c2cead; Type: INDEX; Schema: public; Owner: -
--

CREATE INDEX ordenes_ordentrabajo_recepcionista_id_51c2cead ON public.ordenes_ordentrabajo USING btree (recepcionista_id);


--
-- Name: ordenes_ordentrabajo_servicio_id_d3b22eaa; Type: INDEX; Schema: public; Owner: -
--

CREATE INDEX ordenes_ordentrabajo_servicio_id_d3b22eaa ON public.ordenes_ordentrabajo USING btree (servicio_id);


--
-- Name: ordenes_ordentrabajo_tecnico_asignado_id_60a96b8c; Type: INDEX; Schema: public; Owner: -
--

CREATE INDEX ordenes_ordentrabajo_tecnico_asignado_id_60a96b8c ON public.ordenes_ordentrabajo USING btree (tecnico_asignado_id);


--
-- Name: ordenes_ordentrabajo_vehiculo_id_232270a8; Type: INDEX; Schema: public; Owner: -
--

CREATE INDEX ordenes_ordentrabajo_vehiculo_id_232270a8 ON public.ordenes_ordentrabajo USING btree (vehiculo_id);


--
-- Name: roles_accion_modulo_id_1d20c7c1; Type: INDEX; Schema: public; Owner: -
--

CREATE INDEX roles_accion_modulo_id_1d20c7c1 ON public.roles_accion USING btree (modulo_id);


--
-- Name: roles_modulo_codigo_cf384985_like; Type: INDEX; Schema: public; Owner: -
--

CREATE INDEX roles_modulo_codigo_cf384985_like ON public.roles_modulo USING btree (codigo varchar_pattern_ops);


--
-- Name: roles_rol_acciones_accion_id_10246be9; Type: INDEX; Schema: public; Owner: -
--

CREATE INDEX roles_rol_acciones_accion_id_10246be9 ON public.roles_rol_acciones USING btree (accion_id);


--
-- Name: roles_rol_acciones_rol_id_25abf475; Type: INDEX; Schema: public; Owner: -
--

CREATE INDEX roles_rol_acciones_rol_id_25abf475 ON public.roles_rol_acciones USING btree (rol_id);


--
-- Name: roles_rol_codigo_7b24d89a_like; Type: INDEX; Schema: public; Owner: -
--

CREATE INDEX roles_rol_codigo_7b24d89a_like ON public.roles_rol USING btree (codigo varchar_pattern_ops);


--
-- Name: servicios_s_categor_6f425a_idx; Type: INDEX; Schema: public; Owner: -
--

CREATE INDEX servicios_s_categor_6f425a_idx ON public.servicios_servicio USING btree (categoria);


--
-- Name: servicios_s_estado_2d3c90_idx; Type: INDEX; Schema: public; Owner: -
--

CREATE INDEX servicios_s_estado_2d3c90_idx ON public.servicios_servicio USING btree (estado);


--
-- Name: servicios_s_nombre_b6403b_idx; Type: INDEX; Schema: public; Owner: -
--

CREATE INDEX servicios_s_nombre_b6403b_idx ON public.servicios_servicio USING btree (nombre);


--
-- Name: servicios_servicio_nombre_0e738931_like; Type: INDEX; Schema: public; Owner: -
--

CREATE INDEX servicios_servicio_nombre_0e738931_like ON public.servicios_servicio USING btree (nombre varchar_pattern_ops);


--
-- Name: servicios_serviciorepuesto_repuesto_id_bf04c319; Type: INDEX; Schema: public; Owner: -
--

CREATE INDEX servicios_serviciorepuesto_repuesto_id_bf04c319 ON public.servicios_serviciorepuesto USING btree (repuesto_id);


--
-- Name: servicios_serviciorepuesto_servicio_id_fd0627b2; Type: INDEX; Schema: public; Owner: -
--

CREATE INDEX servicios_serviciorepuesto_servicio_id_fd0627b2 ON public.servicios_serviciorepuesto USING btree (servicio_id);


--
-- Name: usuarios_usuario_groups_group_id_e77f6dcf; Type: INDEX; Schema: public; Owner: -
--

CREATE INDEX usuarios_usuario_groups_group_id_e77f6dcf ON public.usuarios_usuario_groups USING btree (group_id);


--
-- Name: usuarios_usuario_groups_usuario_id_7a34077f; Type: INDEX; Schema: public; Owner: -
--

CREATE INDEX usuarios_usuario_groups_usuario_id_7a34077f ON public.usuarios_usuario_groups USING btree (usuario_id);


--
-- Name: usuarios_usuario_rol_id_b0d64932; Type: INDEX; Schema: public; Owner: -
--

CREATE INDEX usuarios_usuario_rol_id_b0d64932 ON public.usuarios_usuario USING btree (rol_id);


--
-- Name: usuarios_usuario_user_permissions_permission_id_4e5c0f2f; Type: INDEX; Schema: public; Owner: -
--

CREATE INDEX usuarios_usuario_user_permissions_permission_id_4e5c0f2f ON public.usuarios_usuario_user_permissions USING btree (permission_id);


--
-- Name: usuarios_usuario_user_permissions_usuario_id_60aeea80; Type: INDEX; Schema: public; Owner: -
--

CREATE INDEX usuarios_usuario_user_permissions_usuario_id_60aeea80 ON public.usuarios_usuario_user_permissions USING btree (usuario_id);


--
-- Name: usuarios_usuario_username_be9def2b_like; Type: INDEX; Schema: public; Owner: -
--

CREATE INDEX usuarios_usuario_username_be9def2b_like ON public.usuarios_usuario USING btree (username varchar_pattern_ops);


--
-- Name: vehiculos_v_cliente_88ee59_idx; Type: INDEX; Schema: public; Owner: -
--

CREATE INDEX vehiculos_v_cliente_88ee59_idx ON public.vehiculos_vehiculo USING btree (cliente_id);


--
-- Name: vehiculos_v_placa_4999e1_idx; Type: INDEX; Schema: public; Owner: -
--

CREATE INDEX vehiculos_v_placa_4999e1_idx ON public.vehiculos_vehiculo USING btree (placa);


--
-- Name: vehiculos_vehiculo_cliente_id_a1f510ed; Type: INDEX; Schema: public; Owner: -
--

CREATE INDEX vehiculos_vehiculo_cliente_id_a1f510ed ON public.vehiculos_vehiculo USING btree (cliente_id);


--
-- Name: vehiculos_vehiculo_placa_37ead472_like; Type: INDEX; Schema: public; Owner: -
--

CREATE INDEX vehiculos_vehiculo_placa_37ead472_like ON public.vehiculos_vehiculo USING btree (placa varchar_pattern_ops);


--
-- Name: alertas_alerta alertas_alerta_destinatario_id_c0ec4d34_fk_usuarios_usuario_id; Type: FK CONSTRAINT; Schema: public; Owner: -
--

ALTER TABLE ONLY public.alertas_alerta
    ADD CONSTRAINT alertas_alerta_destinatario_id_c0ec4d34_fk_usuarios_usuario_id FOREIGN KEY (destinatario_id) REFERENCES public.usuarios_usuario(id) DEFERRABLE INITIALLY DEFERRED;


--
-- Name: alertas_alerta alertas_alerta_orden_id_7d4192b7_fk_ordenes_ordentrabajo_id; Type: FK CONSTRAINT; Schema: public; Owner: -
--

ALTER TABLE ONLY public.alertas_alerta
    ADD CONSTRAINT alertas_alerta_orden_id_7d4192b7_fk_ordenes_ordentrabajo_id FOREIGN KEY (orden_id) REFERENCES public.ordenes_ordentrabajo(id) DEFERRABLE INITIALLY DEFERRED;


--
-- Name: alertas_alerta alertas_alerta_vehiculo_id_b250e04a_fk_vehiculos_vehiculo_id; Type: FK CONSTRAINT; Schema: public; Owner: -
--

ALTER TABLE ONLY public.alertas_alerta
    ADD CONSTRAINT alertas_alerta_vehiculo_id_b250e04a_fk_vehiculos_vehiculo_id FOREIGN KEY (vehiculo_id) REFERENCES public.vehiculos_vehiculo(id) DEFERRABLE INITIALLY DEFERRED;


--
-- Name: alertas_recordatoriomantenimiento alertas_recordatorio_registro_id_7393b33a_fk_alertas_r; Type: FK CONSTRAINT; Schema: public; Owner: -
--

ALTER TABLE ONLY public.alertas_recordatoriomantenimiento
    ADD CONSTRAINT alertas_recordatorio_registro_id_7393b33a_fk_alertas_r FOREIGN KEY (registro_id) REFERENCES public.alertas_registromantenimiento(id) DEFERRABLE INITIALLY DEFERRED;


--
-- Name: alertas_registromantenimiento alertas_registromant_cliente_id_7aaf445d_fk_clientes_; Type: FK CONSTRAINT; Schema: public; Owner: -
--

ALTER TABLE ONLY public.alertas_registromantenimiento
    ADD CONSTRAINT alertas_registromant_cliente_id_7aaf445d_fk_clientes_ FOREIGN KEY (cliente_id) REFERENCES public.clientes_cliente(id) DEFERRABLE INITIALLY DEFERRED;


--
-- Name: alertas_registromantenimiento alertas_registromant_orden_id_7d6b1083_fk_ordenes_o; Type: FK CONSTRAINT; Schema: public; Owner: -
--

ALTER TABLE ONLY public.alertas_registromantenimiento
    ADD CONSTRAINT alertas_registromant_orden_id_7d6b1083_fk_ordenes_o FOREIGN KEY (orden_id) REFERENCES public.ordenes_ordentrabajo(id) DEFERRABLE INITIALLY DEFERRED;


--
-- Name: alertas_registromantenimiento alertas_registromant_vehiculo_id_a541e963_fk_vehiculos; Type: FK CONSTRAINT; Schema: public; Owner: -
--

ALTER TABLE ONLY public.alertas_registromantenimiento
    ADD CONSTRAINT alertas_registromant_vehiculo_id_a541e963_fk_vehiculos FOREIGN KEY (vehiculo_id) REFERENCES public.vehiculos_vehiculo(id) DEFERRABLE INITIALLY DEFERRED;


--
-- Name: auth_group_permissions auth_group_permissio_permission_id_84c5c92e_fk_auth_perm; Type: FK CONSTRAINT; Schema: public; Owner: -
--

ALTER TABLE ONLY public.auth_group_permissions
    ADD CONSTRAINT auth_group_permissio_permission_id_84c5c92e_fk_auth_perm FOREIGN KEY (permission_id) REFERENCES public.auth_permission(id) DEFERRABLE INITIALLY DEFERRED;


--
-- Name: auth_group_permissions auth_group_permissions_group_id_b120cbf9_fk_auth_group_id; Type: FK CONSTRAINT; Schema: public; Owner: -
--

ALTER TABLE ONLY public.auth_group_permissions
    ADD CONSTRAINT auth_group_permissions_group_id_b120cbf9_fk_auth_group_id FOREIGN KEY (group_id) REFERENCES public.auth_group(id) DEFERRABLE INITIALLY DEFERRED;


--
-- Name: auth_permission auth_permission_content_type_id_2f476e4b_fk_django_co; Type: FK CONSTRAINT; Schema: public; Owner: -
--

ALTER TABLE ONLY public.auth_permission
    ADD CONSTRAINT auth_permission_content_type_id_2f476e4b_fk_django_co FOREIGN KEY (content_type_id) REFERENCES public.django_content_type(id) DEFERRABLE INITIALLY DEFERRED;


--
-- Name: cotizaciones_cotizacion cotizaciones_cotizac_cliente_id_c6e3d6c6_fk_clientes_; Type: FK CONSTRAINT; Schema: public; Owner: -
--

ALTER TABLE ONLY public.cotizaciones_cotizacion
    ADD CONSTRAINT cotizaciones_cotizac_cliente_id_c6e3d6c6_fk_clientes_ FOREIGN KEY (cliente_id) REFERENCES public.clientes_cliente(id) DEFERRABLE INITIALLY DEFERRED;


--
-- Name: cotizaciones_cotizacion cotizaciones_cotizac_elaborado_por_id_ab96d7db_fk_usuarios_; Type: FK CONSTRAINT; Schema: public; Owner: -
--

ALTER TABLE ONLY public.cotizaciones_cotizacion
    ADD CONSTRAINT cotizaciones_cotizac_elaborado_por_id_ab96d7db_fk_usuarios_ FOREIGN KEY (elaborado_por_id) REFERENCES public.usuarios_usuario(id) DEFERRABLE INITIALLY DEFERRED;


--
-- Name: cotizaciones_cotizacion cotizaciones_cotizac_orden_generada_id_f348e631_fk_ordenes_o; Type: FK CONSTRAINT; Schema: public; Owner: -
--

ALTER TABLE ONLY public.cotizaciones_cotizacion
    ADD CONSTRAINT cotizaciones_cotizac_orden_generada_id_f348e631_fk_ordenes_o FOREIGN KEY (orden_generada_id) REFERENCES public.ordenes_ordentrabajo(id) DEFERRABLE INITIALLY DEFERRED;


--
-- Name: cotizaciones_cotizacion cotizaciones_cotizac_vehiculo_id_b2d87ec4_fk_vehiculos; Type: FK CONSTRAINT; Schema: public; Owner: -
--

ALTER TABLE ONLY public.cotizaciones_cotizacion
    ADD CONSTRAINT cotizaciones_cotizac_vehiculo_id_b2d87ec4_fk_vehiculos FOREIGN KEY (vehiculo_id) REFERENCES public.vehiculos_vehiculo(id) DEFERRABLE INITIALLY DEFERRED;


--
-- Name: cotizaciones_detallecotizacion cotizaciones_detalle_cotizacion_id_f5669320_fk_cotizacio; Type: FK CONSTRAINT; Schema: public; Owner: -
--

ALTER TABLE ONLY public.cotizaciones_detallecotizacion
    ADD CONSTRAINT cotizaciones_detalle_cotizacion_id_f5669320_fk_cotizacio FOREIGN KEY (cotizacion_id) REFERENCES public.cotizaciones_cotizacion(id) DEFERRABLE INITIALLY DEFERRED;


--
-- Name: cotizaciones_detallecotizacion cotizaciones_detalle_servicio_id_a64aa2fb_fk_servicios; Type: FK CONSTRAINT; Schema: public; Owner: -
--

ALTER TABLE ONLY public.cotizaciones_detallecotizacion
    ADD CONSTRAINT cotizaciones_detalle_servicio_id_a64aa2fb_fk_servicios FOREIGN KEY (servicio_id) REFERENCES public.servicios_servicio(id) DEFERRABLE INITIALLY DEFERRED;


--
-- Name: django_admin_log django_admin_log_content_type_id_c4bce8eb_fk_django_co; Type: FK CONSTRAINT; Schema: public; Owner: -
--

ALTER TABLE ONLY public.django_admin_log
    ADD CONSTRAINT django_admin_log_content_type_id_c4bce8eb_fk_django_co FOREIGN KEY (content_type_id) REFERENCES public.django_content_type(id) DEFERRABLE INITIALLY DEFERRED;


--
-- Name: django_admin_log django_admin_log_user_id_c564eba6_fk_usuarios_usuario_id; Type: FK CONSTRAINT; Schema: public; Owner: -
--

ALTER TABLE ONLY public.django_admin_log
    ADD CONSTRAINT django_admin_log_user_id_c564eba6_fk_usuarios_usuario_id FOREIGN KEY (user_id) REFERENCES public.usuarios_usuario(id) DEFERRABLE INITIALLY DEFERRED;


--
-- Name: inventario_movimientoinventario inventario_movimient_orden_trabajo_id_3dcc3cc6_fk_ordenes_o; Type: FK CONSTRAINT; Schema: public; Owner: -
--

ALTER TABLE ONLY public.inventario_movimientoinventario
    ADD CONSTRAINT inventario_movimient_orden_trabajo_id_3dcc3cc6_fk_ordenes_o FOREIGN KEY (orden_trabajo_id) REFERENCES public.ordenes_ordentrabajo(id) DEFERRABLE INITIALLY DEFERRED;


--
-- Name: inventario_movimientoinventario inventario_movimient_realizado_por_id_fd4c5803_fk_usuarios_; Type: FK CONSTRAINT; Schema: public; Owner: -
--

ALTER TABLE ONLY public.inventario_movimientoinventario
    ADD CONSTRAINT inventario_movimient_realizado_por_id_fd4c5803_fk_usuarios_ FOREIGN KEY (realizado_por_id) REFERENCES public.usuarios_usuario(id) DEFERRABLE INITIALLY DEFERRED;


--
-- Name: inventario_movimientoinventario inventario_movimient_repuesto_id_d7b98c9a_fk_inventari; Type: FK CONSTRAINT; Schema: public; Owner: -
--

ALTER TABLE ONLY public.inventario_movimientoinventario
    ADD CONSTRAINT inventario_movimient_repuesto_id_d7b98c9a_fk_inventari FOREIGN KEY (repuesto_id) REFERENCES public.inventario_repuesto(id) DEFERRABLE INITIALLY DEFERRED;


--
-- Name: inventario_repuesto inventario_repuesto_categoria_id_b1e7ffda_fk_inventari; Type: FK CONSTRAINT; Schema: public; Owner: -
--

ALTER TABLE ONLY public.inventario_repuesto
    ADD CONSTRAINT inventario_repuesto_categoria_id_b1e7ffda_fk_inventari FOREIGN KEY (categoria_id) REFERENCES public.inventario_categoriarepuesto(id) DEFERRABLE INITIALLY DEFERRED;


--
-- Name: mantenimiento_historialmantenimiento mantenimiento_histor_orden_id_ce5998f5_fk_ordenes_o; Type: FK CONSTRAINT; Schema: public; Owner: -
--

ALTER TABLE ONLY public.mantenimiento_historialmantenimiento
    ADD CONSTRAINT mantenimiento_histor_orden_id_ce5998f5_fk_ordenes_o FOREIGN KEY (orden_id) REFERENCES public.ordenes_ordentrabajo(id) DEFERRABLE INITIALLY DEFERRED;


--
-- Name: mantenimiento_historialmantenimiento mantenimiento_histor_tecnico_id_f7241a3f_fk_usuarios_; Type: FK CONSTRAINT; Schema: public; Owner: -
--

ALTER TABLE ONLY public.mantenimiento_historialmantenimiento
    ADD CONSTRAINT mantenimiento_histor_tecnico_id_f7241a3f_fk_usuarios_ FOREIGN KEY (tecnico_id) REFERENCES public.usuarios_usuario(id) DEFERRABLE INITIALLY DEFERRED;


--
-- Name: mantenimiento_historialmantenimiento mantenimiento_histor_tipo_servicio_id_8da5de61_fk_mantenimi; Type: FK CONSTRAINT; Schema: public; Owner: -
--

ALTER TABLE ONLY public.mantenimiento_historialmantenimiento
    ADD CONSTRAINT mantenimiento_histor_tipo_servicio_id_8da5de61_fk_mantenimi FOREIGN KEY (tipo_servicio_id) REFERENCES public.mantenimiento_tiposerviciomantenimiento(id) DEFERRABLE INITIALLY DEFERRED;


--
-- Name: mantenimiento_historialmantenimiento mantenimiento_histor_vehiculo_id_08c7849d_fk_vehiculos; Type: FK CONSTRAINT; Schema: public; Owner: -
--

ALTER TABLE ONLY public.mantenimiento_historialmantenimiento
    ADD CONSTRAINT mantenimiento_histor_vehiculo_id_08c7849d_fk_vehiculos FOREIGN KEY (vehiculo_id) REFERENCES public.vehiculos_vehiculo(id) DEFERRABLE INITIALLY DEFERRED;


--
-- Name: mantenimiento_programamantenimiento mantenimiento_progra_tipo_servicio_id_e6ca4c89_fk_mantenimi; Type: FK CONSTRAINT; Schema: public; Owner: -
--

ALTER TABLE ONLY public.mantenimiento_programamantenimiento
    ADD CONSTRAINT mantenimiento_progra_tipo_servicio_id_e6ca4c89_fk_mantenimi FOREIGN KEY (tipo_servicio_id) REFERENCES public.mantenimiento_tiposerviciomantenimiento(id) DEFERRABLE INITIALLY DEFERRED;


--
-- Name: mantenimiento_programamantenimiento mantenimiento_progra_vehiculo_id_64f0c7a7_fk_vehiculos; Type: FK CONSTRAINT; Schema: public; Owner: -
--

ALTER TABLE ONLY public.mantenimiento_programamantenimiento
    ADD CONSTRAINT mantenimiento_progra_vehiculo_id_64f0c7a7_fk_vehiculos FOREIGN KEY (vehiculo_id) REFERENCES public.vehiculos_vehiculo(id) DEFERRABLE INITIALLY DEFERRED;


--
-- Name: ordenes_detalleordentrabajo ordenes_detalleorden_orden_id_1da501a7_fk_ordenes_o; Type: FK CONSTRAINT; Schema: public; Owner: -
--

ALTER TABLE ONLY public.ordenes_detalleordentrabajo
    ADD CONSTRAINT ordenes_detalleorden_orden_id_1da501a7_fk_ordenes_o FOREIGN KEY (orden_id) REFERENCES public.ordenes_ordentrabajo(id) DEFERRABLE INITIALLY DEFERRED;


--
-- Name: ordenes_detalleordentrabajo ordenes_detalleorden_repuesto_inventario__ce652510_fk_inventari; Type: FK CONSTRAINT; Schema: public; Owner: -
--

ALTER TABLE ONLY public.ordenes_detalleordentrabajo
    ADD CONSTRAINT ordenes_detalleorden_repuesto_inventario__ce652510_fk_inventari FOREIGN KEY (repuesto_inventario_id) REFERENCES public.inventario_repuesto(id) DEFERRABLE INITIALLY DEFERRED;


--
-- Name: ordenes_detalleordentrabajo ordenes_detalleorden_servicio_id_2294cb30_fk_servicios; Type: FK CONSTRAINT; Schema: public; Owner: -
--

ALTER TABLE ONLY public.ordenes_detalleordentrabajo
    ADD CONSTRAINT ordenes_detalleorden_servicio_id_2294cb30_fk_servicios FOREIGN KEY (servicio_id) REFERENCES public.servicios_servicio(id) DEFERRABLE INITIALLY DEFERRED;


--
-- Name: ordenes_ordentrabajo ordenes_ordentrabajo_cliente_id_f1b87d0e_fk_clientes_cliente_id; Type: FK CONSTRAINT; Schema: public; Owner: -
--

ALTER TABLE ONLY public.ordenes_ordentrabajo
    ADD CONSTRAINT ordenes_ordentrabajo_cliente_id_f1b87d0e_fk_clientes_cliente_id FOREIGN KEY (cliente_id) REFERENCES public.clientes_cliente(id) DEFERRABLE INITIALLY DEFERRED;


--
-- Name: ordenes_ordentrabajo ordenes_ordentrabajo_recepcionista_id_51c2cead_fk_usuarios_; Type: FK CONSTRAINT; Schema: public; Owner: -
--

ALTER TABLE ONLY public.ordenes_ordentrabajo
    ADD CONSTRAINT ordenes_ordentrabajo_recepcionista_id_51c2cead_fk_usuarios_ FOREIGN KEY (recepcionista_id) REFERENCES public.usuarios_usuario(id) DEFERRABLE INITIALLY DEFERRED;


--
-- Name: ordenes_ordentrabajo ordenes_ordentrabajo_servicio_id_d3b22eaa_fk_servicios; Type: FK CONSTRAINT; Schema: public; Owner: -
--

ALTER TABLE ONLY public.ordenes_ordentrabajo
    ADD CONSTRAINT ordenes_ordentrabajo_servicio_id_d3b22eaa_fk_servicios FOREIGN KEY (servicio_id) REFERENCES public.servicios_servicio(id) DEFERRABLE INITIALLY DEFERRED;


--
-- Name: ordenes_ordentrabajo ordenes_ordentrabajo_tecnico_asignado_id_60a96b8c_fk_usuarios_; Type: FK CONSTRAINT; Schema: public; Owner: -
--

ALTER TABLE ONLY public.ordenes_ordentrabajo
    ADD CONSTRAINT ordenes_ordentrabajo_tecnico_asignado_id_60a96b8c_fk_usuarios_ FOREIGN KEY (tecnico_asignado_id) REFERENCES public.usuarios_usuario(id) DEFERRABLE INITIALLY DEFERRED;


--
-- Name: ordenes_ordentrabajo ordenes_ordentrabajo_vehiculo_id_232270a8_fk_vehiculos; Type: FK CONSTRAINT; Schema: public; Owner: -
--

ALTER TABLE ONLY public.ordenes_ordentrabajo
    ADD CONSTRAINT ordenes_ordentrabajo_vehiculo_id_232270a8_fk_vehiculos FOREIGN KEY (vehiculo_id) REFERENCES public.vehiculos_vehiculo(id) DEFERRABLE INITIALLY DEFERRED;


--
-- Name: roles_accion roles_accion_modulo_id_1d20c7c1_fk_roles_modulo_id; Type: FK CONSTRAINT; Schema: public; Owner: -
--

ALTER TABLE ONLY public.roles_accion
    ADD CONSTRAINT roles_accion_modulo_id_1d20c7c1_fk_roles_modulo_id FOREIGN KEY (modulo_id) REFERENCES public.roles_modulo(id) DEFERRABLE INITIALLY DEFERRED;


--
-- Name: roles_rol_acciones roles_rol_acciones_accion_id_10246be9_fk_roles_accion_id; Type: FK CONSTRAINT; Schema: public; Owner: -
--

ALTER TABLE ONLY public.roles_rol_acciones
    ADD CONSTRAINT roles_rol_acciones_accion_id_10246be9_fk_roles_accion_id FOREIGN KEY (accion_id) REFERENCES public.roles_accion(id) DEFERRABLE INITIALLY DEFERRED;


--
-- Name: roles_rol_acciones roles_rol_acciones_rol_id_25abf475_fk_roles_rol_id; Type: FK CONSTRAINT; Schema: public; Owner: -
--

ALTER TABLE ONLY public.roles_rol_acciones
    ADD CONSTRAINT roles_rol_acciones_rol_id_25abf475_fk_roles_rol_id FOREIGN KEY (rol_id) REFERENCES public.roles_rol(id) DEFERRABLE INITIALLY DEFERRED;


--
-- Name: servicios_serviciorepuesto servicios_serviciore_repuesto_id_bf04c319_fk_inventari; Type: FK CONSTRAINT; Schema: public; Owner: -
--

ALTER TABLE ONLY public.servicios_serviciorepuesto
    ADD CONSTRAINT servicios_serviciore_repuesto_id_bf04c319_fk_inventari FOREIGN KEY (repuesto_id) REFERENCES public.inventario_repuesto(id) DEFERRABLE INITIALLY DEFERRED;


--
-- Name: servicios_serviciorepuesto servicios_serviciore_servicio_id_fd0627b2_fk_servicios; Type: FK CONSTRAINT; Schema: public; Owner: -
--

ALTER TABLE ONLY public.servicios_serviciorepuesto
    ADD CONSTRAINT servicios_serviciore_servicio_id_fd0627b2_fk_servicios FOREIGN KEY (servicio_id) REFERENCES public.servicios_servicio(id) DEFERRABLE INITIALLY DEFERRED;


--
-- Name: usuarios_usuario_groups usuarios_usuario_gro_usuario_id_7a34077f_fk_usuarios_; Type: FK CONSTRAINT; Schema: public; Owner: -
--

ALTER TABLE ONLY public.usuarios_usuario_groups
    ADD CONSTRAINT usuarios_usuario_gro_usuario_id_7a34077f_fk_usuarios_ FOREIGN KEY (usuario_id) REFERENCES public.usuarios_usuario(id) DEFERRABLE INITIALLY DEFERRED;


--
-- Name: usuarios_usuario_groups usuarios_usuario_groups_group_id_e77f6dcf_fk_auth_group_id; Type: FK CONSTRAINT; Schema: public; Owner: -
--

ALTER TABLE ONLY public.usuarios_usuario_groups
    ADD CONSTRAINT usuarios_usuario_groups_group_id_e77f6dcf_fk_auth_group_id FOREIGN KEY (group_id) REFERENCES public.auth_group(id) DEFERRABLE INITIALLY DEFERRED;


--
-- Name: usuarios_usuario usuarios_usuario_rol_id_b0d64932_fk_roles_rol_id; Type: FK CONSTRAINT; Schema: public; Owner: -
--

ALTER TABLE ONLY public.usuarios_usuario
    ADD CONSTRAINT usuarios_usuario_rol_id_b0d64932_fk_roles_rol_id FOREIGN KEY (rol_id) REFERENCES public.roles_rol(id) DEFERRABLE INITIALLY DEFERRED;


--
-- Name: usuarios_usuario_user_permissions usuarios_usuario_use_permission_id_4e5c0f2f_fk_auth_perm; Type: FK CONSTRAINT; Schema: public; Owner: -
--

ALTER TABLE ONLY public.usuarios_usuario_user_permissions
    ADD CONSTRAINT usuarios_usuario_use_permission_id_4e5c0f2f_fk_auth_perm FOREIGN KEY (permission_id) REFERENCES public.auth_permission(id) DEFERRABLE INITIALLY DEFERRED;


--
-- Name: usuarios_usuario_user_permissions usuarios_usuario_use_usuario_id_60aeea80_fk_usuarios_; Type: FK CONSTRAINT; Schema: public; Owner: -
--

ALTER TABLE ONLY public.usuarios_usuario_user_permissions
    ADD CONSTRAINT usuarios_usuario_use_usuario_id_60aeea80_fk_usuarios_ FOREIGN KEY (usuario_id) REFERENCES public.usuarios_usuario(id) DEFERRABLE INITIALLY DEFERRED;


--
-- Name: vehiculos_vehiculo vehiculos_vehiculo_cliente_id_a1f510ed_fk_clientes_cliente_id; Type: FK CONSTRAINT; Schema: public; Owner: -
--

ALTER TABLE ONLY public.vehiculos_vehiculo
    ADD CONSTRAINT vehiculos_vehiculo_cliente_id_a1f510ed_fk_clientes_cliente_id FOREIGN KEY (cliente_id) REFERENCES public.clientes_cliente(id) DEFERRABLE INITIALLY DEFERRED;


--
-- PostgreSQL database dump complete
--

\unrestrict MoRoeeAQvTvopVYH3Ydxo06FTolVzKRxP57AzvOtyYSGJrGcujPdG30dw072Azy

